Ion, Observed , Aki, Ek ,J,,,,,,,,,,,,,,
Al III , , ,217 250.17  , 7/2 ,,,,,,,,,,,,,,
Al III , , ,217 250.17  , 9/2 ,,,,,,,,,,,,,,
Al III , , ,217 250.17  , 7/2 ,,,,,,,,,,,,,,
Al II ,201.5864, ,144 941.10  ,1,,,,,,,,,,,,,,
Al II ,201.6053,9.82E+07,145 135.31  ,4,,,,,,,,,,,,,,
 , , , , ,,,,,,,,,,,,,,
Al IV ,201.619, ,870 991.9   ,2,,,,,,,,,,,,,,
Al II ,201.6193,1.10E+07,145 131.93  ,3,,,,,,,,,,,,,,
Al II ,201.6234,8.73E+07,145 131.93  ,3,,,,,,,,,,,,,,
Al II , ,4.32E+05,145 129.51  ,2,,,,,,,,,,,,,,
Al II ,201.6334,1.53E+07,145 129.51  ,2,,,,,,,,,,,,,,
 , , , , ,,,,,,,,,,,,,,
Al II ,201.6369,8.25E+07,145 129.51  ,2,,,,,,,,,,,,,,
Al VIII , ,4.55E+00,96 260+x   ,0,,,,,,,,,,,,,,
Al II ,202.2081,4.05E+07,134 919.40  ,1,,,,,,,,,,,,,,
Al VII , ,3.48E+07,1 592 150     , 3/2 ,,,,,,,,,,,,,,
Al II ,203.675, ,143 166.76  ,1,,,,,,,,,,,,,,
 , , , , ,,,,,,,,,,,,,,
Al II ,203.922, ,143 170.04  ,2,,,,,,,,,,,,,,
Al II ,203.94, ,143 165.4   ,0,,,,,,,,,,,,,,
Al II ,204.427, ,143 170.04  ,2,,,,,,,,,,,,,,
Al II ,204.441, ,143 166.76  ,1,,,,,,,,,,,,,,
Al II ,204.763, ,140 095.7   ,2,,,,,,,,,,,,,,
 , , , , ,,,,,,,,,,,,,,
Al II ,204.779, ,140 091.9   ,1,,,,,,,,,,,,,,
Al II ,204.787, ,140 090.0   ,0,,,,,,,,,,,,,,
Al IX , ,7.50E+06,1 690 940?    , 1/2 ,,,,,,,,,,,,,,
Al VI , ,2.67E+05,1 079 610     ,3,,,,,,,,,,,,,,
Al VII , ,5.22E+07,1 591 560     , 5/2 ,,,,,,,,,,,,,,
 , , , , ,,,,,,,,,,,,,,
Al VI , ,4.05E+05,1 079 456     ,2,,,,,,,,,,,,,,
Al VI , ,1.78E+06,1 079 437     ,1,,,,,,,,,,,,,,
Al VI , ,1.86E+06,1 079 456     ,2,,,,,,,,,,,,,,
Al VI , ,8.00E+05,1 079 437     ,1,,,,,,,,,,,,,,
Al XI , ,9.82E+07,2 068 770     , 1/2 ,,,,,,,,,,,,,,
 , , , , ,,,,,,,,,,,,,,
Al VI , ,2.30E+06,1 079 610     ,3,,,,,,,,,,,,,,
Al III , ,2.86E+06,213 995.48  , 5/2 ,,,,,,,,,,,,,,
Al III , ,4.28E+07,213 995.48  , 7/2 ,,,,,,,,,,,,,,
Al III , ,4.00E+07,213 995.48  , 5/2 ,,,,,,,,,,,,,,
Al II ,207.4009,1.41E+08,133 681.78  ,3,,,,,,,,,,,,,,
 , , , , ,,,,,,,,,,,,,,
Al I ,207.962, ,48 182     , 5/2 ,,,,,,,,,,,,,,
Al I ,207.962, ,48 070     , 3/2 ,,,,,,,,,,,,,,
Al I ,207.987, ,48 177     , 5/2 ,,,,,,,,,,,,,,
Al VI , ,5.14E+05,1 079 456     ,2,,,,,,,,,,,,,,
Al I ,208.015, ,48 170     , 5/2 ,,,,,,,,,,,,,,
 , , , , ,,,,,,,,,,,,,,
Al I ,208.046, ,48 163     , 5/2 ,,,,,,,,,,,,,,
Al I ,208.046, ,48 051     , 3/2 ,,,,,,,,,,,,,,
Al I ,208.079, ,48 155     , 5/2 ,,,,,,,,,,,,,,
Al I ,208.115, ,48 147     , 5/2 ,,,,,,,,,,,,,,
Al I ,208.14, ,48 031.1   , 3/2 ,,,,,,,,,,,,,,
 , , , , ,,,,,,,,,,,,,,
Al II ,208.1481, ,85 481.35  ,2,,,,,,,,,,,,,,
Al I ,208.157, ,48 137     , 5/2 ,,,,,,,,,,,,,,
Al I ,208.201, ,48 127     , 5/2 ,,,,,,,,,,,,,,
Al I ,208.25, ,48 004.7   , 3/2 ,,,,,,,,,,,,,,
Al I ,208.253, ,48 115     , 5/2 ,,,,,,,,,,,,,,
 , , , , ,,,,,,,,,,,,,,
Al I ,208.31, ,48 102     , 5/2 ,,,,,,,,,,,,,,
Al I ,208.375, ,47 975.1   , 3/2 ,,,,,,,,,,,,,,
Al I ,208.375, ,48 087     , 5/2 ,,,,,,,,,,,,,,
Al I ,208.448, ,48 070     , 5/2 ,,,,,,,,,,,,,,
Al I ,208.524, ,47 940.7   , 3/2 ,,,,,,,,,,,,,,
 , , , , ,,,,,,,,,,,,,,
Al I ,208.532, ,48 051     , 5/2 ,,,,,,,,,,,,,,
Al I ,208.623, ,48 031.1   , 5/2 ,,,,,,,,,,,,,,
Al II ,208.6864, ,85 481.35  ,2,,,,,,,,,,,,,,
Al I ,208.736, ,48 004.7   , 5/2 ,,,,,,,,,,,,,,
Al I ,208.866, ,47 975.1   , 5/2 ,,,,,,,,,,,,,,
 , , , , ,,,,,,,,,,,,,,
Al I ,208.915, ,47 850.9   , 3/2 ,,,,,,,,,,,,,,
Al III , ,4.87E+07,191 484.23  , 1/2 ,,,,,,,,,,,,,,
Al I ,209.016, ,47 940.7   , 5/2 ,,,,,,,,,,,,,,
Al I ,209.17, ,47 793.0   , 3/2 ,,,,,,,,,,,,,,
Al I ,209.192, ,47 900.1   , 5/2 ,,,,,,,,,,,,,,
 , , , , ,,,,,,,,,,,,,,
Al III , ,9.73E+07,191 484.23  , 1/2 ,,,,,,,,,,,,,,
Al I ,209.33, ,80 191.9   , 5/2 ,,,,,,,,,,,,,,
Al I ,209.408, ,47 850.9   , 5/2 ,,,,,,,,,,,,,,
Al II ,209.4264,1.84E+08,143 283.75  ,4,,,,,,,,,,,,,,
Al II ,209.4744,2.05E+07,143 272.86  ,3,,,,,,,,,,,,,,
 , , , , ,,,,,,,,,,,,,,
Al II ,209.479,1.64E+08,143 272.86  ,3,,,,,,,,,,,,,,
Al I ,209.484, ,47 721.3   , 3/2 ,,,,,,,,,,,,,,
Al II , ,8.10E+05,143 265.83  ,2,,,,,,,,,,,,,,
Al II ,209.51,2.87E+07,143 265.83  ,2,,,,,,,,,,,,,,
Al II ,209.514,1.55E+08,143 265.83  ,2,,,,,,,,,,,,,,
 , , , , ,,,,,,,,,,,,,,
Al I ,209.662, ,47 793.0   , 5/2 ,,,,,,,,,,,,,,
Al I ,209.875, ,47 632.6   , 3/2 ,,,,,,,,,,,,,,
Al I ,209.91, ,[47 737.41] , 1/2 ,,,,,,,,,,,,,,
Al II ,209.9709, ,142 961.20  ,1,,,,,,,,,,,,,,
Al I ,209.979, ,47 721.3   , 5/2 ,,,,,,,,,,,,,,
 , , , , ,,,,,,,,,,,,,,
Al I ,210.258, ,[47 546.12] , 1/2 ,,,,,,,,,,,,,,
Al I ,210.285, ,[47 652.58] , 1/2 ,,,,,,,,,,,,,,
Al I ,210.366, ,47 521.1   , 3/2 ,,,,,,,,,,,,,,
Al I ,210.371, ,47 632.6   , 5/2 ,,,,,,,,,,,,,,
Al I ,210.755, ,[47 546.12] , 1/2 ,,,,,,,,,,,,,,
 , , , , ,,,,,,,,,,,,,,
Al I ,210.862, ,[47 409.97] , 1/2 ,,,,,,,,,,,,,,
Al I ,210.862, ,47 521.1   , 5/2 ,,,,,,,,,,,,,,
Al I ,211.361, ,[47 409.97] , 1/2 ,,,,,,,,,,,,,,
Al V , ,1.10E+00,843 914     , 1/2 ,,,,,,,,,,,,,,
Al V , ,7.31E-01,843 914     , 1/2 ,,,,,,,,,,,,,,
 , , , , ,,,,,,,,,,,,,,
Al I ,211.656, ,[47 232.00] , 1/2 ,,,,,,,,,,,,,,
Al I ,211.8312,1.03E+07,47 192.38  , 3/2 ,,,,,,,,,,,,,,
Al I ,212.159, ,[47 232.00] , 1/2 ,,,,,,,,,,,,,,
Al I , ,2.00E+06,47 192.38  , 3/2 ,,,,,,,,,,,,,,
Al I ,212.3362,1.22E+07,47 192.38  , 5/2 ,,,,,,,,,,,,,,
 , , , , ,,,,,,,,,,,,,,
Al VI , ,4.86E+00,88 213     ,0,,,,,,,,,,,,,,
Al I ,212.73, ,[46 993.11] , 1/2 ,,,,,,,,,,,,,,
Al IV ,212.845, ,871 512.2   ,1,,,,,,,,,,,,,,
Al I ,212.9663,1.52E+07,46 940.97  , 3/2 ,,,,,,,,,,,,,,
Al IV ,213.0837,2.21E+06,671 632.5   ,1,,,,,,,,,,,,,,
 , , , , ,,,,,,,,,,,,,,
Al IV ,213.092, ,874 756.8   ,1,,,,,,,,,,,,,,
Al IV ,213.092, ,870 991.9   ,2,,,,,,,,,,,,,,
Al I ,213.239, ,[46 993.11] , 1/2 ,,,,,,,,,,,,,,
Al I ,213.4733,1.81E+07,46 941.55  , 5/2 ,,,,,,,,,,,,,,
Al I , ,3.00E+06,46 940.97  , 3/2 ,,,,,,,,,,,,,,
 , , , , ,,,,,,,,,,,,,,
Al X , ,2.42E+07,2 103 900     ,2,,,,,,,,,,,,,,
Al X , ,6.01E+07,2 141 580     ,2,,,,,,,,,,,,,,
Al I ,214.239, ,[46 661.93] , 1/2 ,,,,,,,,,,,,,,
Al I ,214.5555,2.06E+07,46 593.32  , 3/2 ,,,,,,,,,,,,,,
Al IV ,214.625, ,874 422.9   ,0,,,,,,,,,,,,,,
 , , , , ,,,,,,,,,,,,,,
Al I ,214.754, ,[46 661.93] , 1/2 ,,,,,,,,,,,,,,
Al I ,215.0699,2.46E+07,46 593.95  , 5/2 ,,,,,,,,,,,,,,
Al I , ,4.09E+06,46 593.32  , 3/2 ,,,,,,,,,,,,,,
Al IV ,215.229, ,870 991.9   ,2,,,,,,,,,,,,,,
Al III ,215.4635, ,214 010.22  , 7/2 ,,,,,,,,,,,,,,
 , , , , ,,,,,,,,,,,,,,
Al III ,215.4635, ,214 010.22  , 9/2 ,,,,,,,,,,,,,,
Al III ,215.4635, ,214 010.22  , 7/2 ,,,,,,,,,,,,,,
Al IV ,215.832, ,874 756.8   ,1,,,,,,,,,,,,,,
Al I ,216.0383, ,78 710.26  , 7/2 ,,,,,,,,,,,,,,
Al IV ,216.112, ,874 756.8   ,1,,,,,,,,,,,,,,
 , , , , ,,,,,,,,,,,,,,
Al IV ,216.224, ,871 512.2   ,1,,,,,,,,,,,,,,
Al I ,216.455, ,46 183.895 , 1/2 ,,,,,,,,,,,,,,
Al I ,216.4915, ,78 612.23  , 5/2 ,,,,,,,,,,,,,,
Al VI , ,2.03E+07,1 339 440     ,2,,,,,,,,,,,,,,
Al VI , ,1.15E+08,1 339 440     ,3,,,,,,,,,,,,,,
 , , , , ,,,,,,,,,,,,,,
Al III , ,5.14E+04,213 737.44  , 5/2 ,,,,,,,,,,,,,,
Al III , ,1.08E+06,213 737.44  , 3/2 ,,,,,,,,,,,,,,
Al III , ,1.03E+06,213 737.44  , 5/2 ,,,,,,,,,,,,,,
Al I ,216.8805,2.96E+07,46 093.424 , 3/2 ,,,,,,,,,,,,,,
Al I ,216.981, ,46 183.895 , 1/2 ,,,,,,,,,,,,,,
 , , , , ,,,,,,,,,,,,,,
Al I ,217.4028,3.53E+07,46 094.312 , 5/2 ,,,,,,,,,,,,,,
Al I , ,5.88E+06,46 093.424 , 3/2 ,,,,,,,,,,,,,,
Al IV ,217.684, ,874 422.9   ,0,,,,,,,,,,,,,,
Al I ,217.7396, ,74 979.02  , 5/2 ,,,,,,,,,,,,,,
Al I ,218.0996, ,74 979.02  , 5/2 ,,,,,,,,,,,,,,
 , , , , ,,,,,,,,,,,,,,
Al VI , ,7.44E+04,1 039 680     ,3,,,,,,,,,,,,,,
Al IV ,218.405, ,871 512.2   ,1,,,,,,,,,,,,,,
Al II ,219.2604,2.47E+08,141 143.05  ,4,,,,,,,,,,,,,,
Al II ,219.4189,2.74E+07,141 110.06  ,3,,,,,,,,,,,,,,
Al II ,219.4245,2.19E+08,141 110.06  ,3,,,,,,,,,,,,,,
 , , , , ,,,,,,,,,,,,,,
Al II , ,1.08E+06,141 084.89  ,2,,,,,,,,,,,,,,
Al II ,219.5456,3.83E+07,141 084.89  ,2,,,,,,,,,,,,,,
Al II ,219.5502,2.07E+08,141 084.89  ,2,,,,,,,,,,,,,,
Al IV , ,3.18E+05,759 596.8   ,1,,,,,,,,,,,,,,
Al I ,219.915,1.75E+06,45 457.244 , 1/2 ,,,,,,,,,,,,,,
 , , , , ,,,,,,,,,,,,,,
Al I ,220.459,3.49E+06,45 457.244 , 1/2 ,,,,,,,,,,,,,,
Al I ,220.466,4.37E+07,45 344.165 , 3/2 ,,,,,,,,,,,,,,
Al IV ,220.914, ,870 991.9   ,2,,,,,,,,,,,,,,
Al III ,220.966,1.46E+07,188 878.22  , 3/2 ,,,,,,,,,,,,,,
Al I ,221.0046,5.20E+07,45 345.594 , 5/2 ,,,,,,,,,,,,,,
 , , , , ,,,,,,,,,,,,,,
Al I , ,8.67E+06,45 344.165 , 3/2 ,,,,,,,,,,,,,,
Al IV ,221.121, ,897 217.6   ,2,,,,,,,,,,,,,,
Al X , ,2.43E+06,2 102 330     ,1,,,,,,,,,,,,,,
Al IV ,221.221, ,897 197.1   ,1,,,,,,,,,,,,,,
Al III ,221.356,2.82E+06,188 878.22  , 3/2 ,,,,,,,,,,,,,,
 , , , , ,,,,,,,,,,,,,,
Al III ,221.356,1.69E+07,188 877.57  , 5/2 ,,,,,,,,,,,,,,
Al VIII , ,3.14E+00,46 720+x   ,2,,,,,,,,,,,,,,
Al V , ,1.72E+06,928 408     , 3/2 ,,,,,,,,,,,,,,
Al IV ,222.913, ,897 416.8   ,3,,,,,,,,,,,,,,
Al IV ,224.047, ,897 328.4   ,4,,,,,,,,,,,,,,
 , , , , ,,,,,,,,,,,,,,
Al IV ,224.0563, ,897 324.7   ,5,,,,,,,,,,,,,,
Al II ,224.3045,3.03E+07,139 918.98  ,1,,,,,,,,,,,,,,
Al X , ,7.94E+07,2 192 860     ,3,,,,,,,,,,,,,,
Al IV ,225.7187, ,897 328.4   ,4,,,,,,,,,,,,,,
Al I ,225.7999,3.77E+06,44 273.133 , 1/2 ,,,,,,,,,,,,,,
 , , , , ,,,,,,,,,,,,,,
Al IV ,226.0838, ,900 843.6   ,3,,,,,,,,,,,,,,
Al I ,226.3462,6.83E+07,44 166.398 , 3/2 ,,,,,,,,,,,,,,
Al I ,226.3731,7.50E+06,44 273.133 , 1/2 ,,,,,,,,,,,,,,
Al I ,226.6014, ,76 553.47  , 5/2 ,,,,,,,,,,,,,,
Al I ,226.753, ,76 521.7   , 3/2 ,,,,,,,,,,,,,,
 , , , , ,,,,,,,,,,,,,,
Al I ,226.9096,7.58E+07,44 168.847 , 5/2 ,,,,,,,,,,,,,,
Al I ,226.922,1.26E+07,44 166.398 , 3/2 ,,,,,,,,,,,,,,
Al IV ,227.2348, ,900 836.9   ,3,,,,,,,,,,,,,,
Al IV ,227.266, ,900 847.7   ,4,,,,,,,,,,,,,,
Al IV ,228.3027, ,897 537.5   ,3,,,,,,,,,,,,,,
 , , , , ,,,,,,,,,,,,,,
Al II ,228.5126, ,135 022.127 ,2,,,,,,,,,,,,,,
Al II ,228.547, ,135 015.701 ,1,,,,,,,,,,,,,,
Al II ,228.569, ,135 012.285 ,0,,,,,,,,,,,,,,
Al IV ,228.701, ,871 512.2   ,1,,,,,,,,,,,,,,
Al IV ,228.829, ,897 435.7   ,2,,,,,,,,,,,,,,
 , , , , ,,,,,,,,,,,,,,
Al IV ,229.4524, ,897 540.1   ,4,,,,,,,,,,,,,,
Al III ,229.947,4.44E+06,209 263.25  , 5/2 ,,,,,,,,,,,,,,
Al III ,229.947,6.66E+07,209 263.25  , 7/2 ,,,,,,,,,,,,,,
Al III ,229.947,6.22E+07,209 263.25  , 5/2 ,,,,,,,,,,,,,,
Al IV ,230.104, ,897 416.8   ,3,,,,,,,,,,,,,,
 , , , , ,,,,,,,,,,,,,,
Al IX , ,9.72E+05,1 800 910     , 5/2 ,,,,,,,,,,,,,,
Al VI , ,7.57E+03,1 079 610     ,3,,,,,,,,,,,,,,
Al I ,231.1035, ,72 277.75  , 1/2 ,,,,,,,,,,,,,,
Al II ,231.2225, ,148 677.2   ,1,,,,,,,,,,,,,,
Al I ,231.2491, ,72 250.53  , 3/2 ,,,,,,,,,,,,,,
 , , , , ,,,,,,,,,,,,,,
Al V , ,1.05E+07,928 408     , 3/2 ,,,,,,,,,,,,,,
Al I ,231.3526, ,72 277.75  , 1/2 ,,,,,,,,,,,,,,
Al II ,231.3768, ,148 677.2   ,1,,,,,,,,,,,,,,
Al I ,231.4983, ,72 250.53  , 3/2 ,,,,,,,,,,,,,,
Al I ,231.7482, ,72 204.00  , 5/2 ,,,,,,,,,,,,,,
 , , , , ,,,,,,,,,,,,,,
Al VI , ,1.34E+05,1 079 456     ,2,,,,,,,,,,,,,,
Al I ,231.9057, ,72 250.53  , 3/2 ,,,,,,,,,,,,,,
Al VI , ,2.05E+05,1 079 437     ,1,,,,,,,,,,,,,,
Al I ,232.1562, ,72 204.00  , 5/2 ,,,,,,,,,,,,,,
Al VI , ,1.48E+05,1 079 610     ,3,,,,,,,,,,,,,,
 , , , , ,,,,,,,,,,,,,,
Al IX , ,1.27E+07,1 800 510     , 3/2 ,,,,,,,,,,,,,,
Al IV ,232.413, ,871 512.2   ,1,,,,,,,,,,,,,,
Al II ,232.4199,3.46E+07,138 561.8   ,4,,,,,,,,,,,,,,
Al X , ,4.93E+06,2 171 680     ,1,,,,,,,,,,,,,,
Al II ,232.5436,3.85E+06,138 538.9   ,3,,,,,,,,,,,,,,
 , , , , ,,,,,,,,,,,,,,
Al II ,232.5494,3.07E+07,138 538.9   ,3,,,,,,,,,,,,,,
Al II , ,1.52E+05,138 521.4   ,2,,,,,,,,,,,,,,
Al II ,232.6445,5.38E+06,138 521.4   ,2,,,,,,,,,,,,,,
Al II ,232.6496,2.90E+07,138 521.4   ,2,,,,,,,,,,,,,,
Al II ,232.82, ,149 859.0   ,0,,,,,,,,,,,,,,
 , , , , ,,,,,,,,,,,,,,
Al VI , ,1.80E+05,1 079 456     ,2,,,,,,,,,,,,,,
Al V , ,3.24E+07,926 388     , 5/2 ,,,,,,,,,,,,,,
Al VI , ,2.90E+05,1 079 610     ,3,,,,,,,,,,,,,,
Al II ,234.469, ,149 557.1   ,0,,,,,,,,,,,,,,
Al II ,234.547, ,148 093.2   ,3,,,,,,,,,,,,,,
 , , , , ,,,,,,,,,,,,,,
Al II ,234.592, ,148 056.1   ,1,,,,,,,,,,,,,,
Al II ,234.7516, ,148 056.1   ,1,,,,,,,,,,,,,,
Al V , ,1.97E+06,925 894     , 1/2 ,,,,,,,,,,,,,,
Al VIII , ,7.59E+00,46 720+x   ,2,,,,,,,,,,,,,,
Al II ,236.546, ,149 182.2   ,0,,,,,,,,,,,,,,
 , , , , ,,,,,,,,,,,,,,
Al X , ,1.76E+06,1 966 080     ,2,,,,,,,,,,,,,,
Al I ,236.7052,7.61E+07,42 233.742 , 3/2 ,,,,,,,,,,,,,,
Al I ,236.7611, ,71 244.17  , 3/2 ,,,,,,,,,,,,,,
Al I ,236.8112, ,71 235.25  , 1/2 ,,,,,,,,,,,,,,
Al IV ,236.8272, ,900 854.1   ,2,,,,,,,,,,,,,,
 , , , , ,,,,,,,,,,,,,,
Al I ,236.9304, ,71 260.55  , 5/2 ,,,,,,,,,,,,,,
Al I ,237.0225, ,71 244.17  , 3/2 ,,,,,,,,,,,,,,
Al I ,237.0726, ,71 235.25  , 1/2 ,,,,,,,,,,,,,,
Al IV ,237.1027, ,897 435.7   ,2,,,,,,,,,,,,,,
Al I ,237.207,5.76E+06,42 144.411 , 1/2 ,,,,,,,,,,,,,,
 , , , , ,,,,,,,,,,,,,,
Al I ,237.3124,9.07E+07,42 237.783 , 5/2 ,,,,,,,,,,,,,,
Al I ,237.3349,1.51E+07,42 233.742 , 3/2 ,,,,,,,,,,,,,,
Al I ,237.3571, ,71 260.55  , 5/2 ,,,,,,,,,,,,,,
Al I ,237.4496, ,71 244.17  , 3/2 ,,,,,,,,,,,,,,
Al I ,237.8368,1.14E+07,42 144.411 , 1/2 ,,,,,,,,,,,,,,
 , , , , ,,,,,,,,,,,,,,
Al X , ,8.75E+05,1 965 860     ,1,,,,,,,,,,,,,,
Al IV ,238.3355, ,897 217.6   ,2,,,,,,,,,,,,,,
Al V , ,8.94E+06,925 432     , 3/2 ,,,,,,,,,,,,,,
Al II ,238.825, ,147 288.0   ,1,,,,,,,,,,,,,,
Al II ,238.9035, ,147 286.65  ,2,,,,,,,,,,,,,,
 , , , , ,,,,,,,,,,,,,,
Al II ,239.0692, ,147 287.10  ,3,,,,,,,,,,,,,,
Al II ,239.1276, ,147 233.45  ,1,,,,,,,,,,,,,,
Al II ,239.2078, ,147 233.45  ,1,,,,,,,,,,,,,,
Al II ,239.2234, ,148 709.8   ,0,,,,,,,,,,,,,,
Al II ,239.376, ,147 233.45  ,1,,,,,,,,,,,,,,
 , , , , ,,,,,,,,,,,,,,
Al III ,239.898, ,209 284.53  , 7/2 ,,,,,,,,,,,,,,
Al III ,239.898, ,209 284.53  , 7/2 ,,,,,,,,,,,,,,
Al III ,239.898, ,209 284.53  , 9/2 ,,,,,,,,,,,,,,
Al X , ,4.44E+06,2 170 190     ,2,,,,,,,,,,,,,,
Al XI , ,2.30E+08,3 399 500     , 3/2 ,,,,,,,,,,,,,,
 , , , , ,,,,,,,,,,,,,,
Al XI , ,2.56E+08,3 399 500     , 1/2 ,,,,,,,,,,,,,,
Al XI , ,2.55E+07,3 399 500     , 3/2 ,,,,,,,,,,,,,,
Al X , ,7.27E+06,2 171 680     ,1,,,,,,,,,,,,,,
Al III ,242.244,8.48E+04,208 881.83  , 5/2 ,,,,,,,,,,,,,,
Al III ,242.244,1.78E+06,208 881.83  , 3/2 ,,,,,,,,,,,,,,
 , , , , ,,,,,,,,,,,,,,
Al III ,242.244,1.70E+06,208 881.83  , 5/2 ,,,,,,,,,,,,,,
Al I ,242.305, ,80 191.9   , 5/2 ,,,,,,,,,,,,,,
Al I ,242.477, ,80 158.0   , 3/2 ,,,,,,,,,,,,,,
Al I ,242.505, ,80 158.0   , 3/2 ,,,,,,,,,,,,,,
Al II ,242.5596, ,148 135.13  ,2,,,,,,,,,,,,,,
 , , , , ,,,,,,,,,,,,,,
Al II ,242.7742, ,148 098.6   ,0,,,,,,,,,,,,,,
Al VI , ,3.73E-03,41 167     ,2,,,,,,,,,,,,,,
Al VI , ,5.01E+00,41 167     ,2,,,,,,,,,,,,,,
Al II ,245.2584, ,146 188.5   ,1,,,,,,,,,,,,,,
Al II ,245.3423, ,146 188.5   ,2,,,,,,,,,,,,,,
 , , , , ,,,,,,,,,,,,,,
Al II ,245.5177, ,146 188.9   ,3,,,,,,,,,,,,,,
Al V , ,2.91E+06,925 894     , 1/2 ,,,,,,,,,,,,,,
Al II ,245.7187, ,146 112.14  ,1,,,,,,,,,,,,,,
Al II ,245.8037, ,146 112.14  ,1,,,,,,,,,,,,,,
Al II ,245.888, ,150 746.4   ,3,,,,,,,,,,,,,,
 , , , , ,,,,,,,,,,,,,,
Al II ,245.9809, ,146 112.14  ,1,,,,,,,,,,,,,,
Al I ,245.983, ,73 077.8   , 7/2 ,,,,,,,,,,,,,,
Al I ,246.574, ,72 978.9   , 5/2 ,,,,,,,,,,,,,,
Al II ,246.628, ,150 624.5   ,3,,,,,,,,,,,,,,
Al II ,247.3008, ,147 344.89  ,2,,,,,,,,,,,,,,
 , , , , ,,,,,,,,,,,,,,
Al II ,247.5252,4.60E+07,125 869.015 ,1,,,,,,,,,,,,,,
Al II ,247.6322, ,147 290.98  ,0,,,,,,,,,,,,,,
Al V ,247.975,2.82E+07,836 937.4   , 3/2 ,,,,,,,,,,,,,,
Al V ,248.16,2.63E+06,836 937.4   , 3/2 ,,,,,,,,,,,,,,
Al V , ,1.42E+07,925 432     , 3/2 ,,,,,,,,,,,,,,
 , , , , ,,,,,,,,,,,,,,
Al II ,248.535, ,150 313.4   ,3,,,,,,,,,,,,,,
Al IV ,249.547, ,897 470.3   ,2,,,,,,,,,,,,,,
Al IV ,249.714, ,897 470.3   ,2,,,,,,,,,,,,,,
Al IV ,249.714, ,897 470.3   ,3,,,,,,,,,,,,,,
Al II ,249.7886, ,150 111.6   ,3,,,,,,,,,,,,,,
 , , , , ,,,,,,,,,,,,,,
Al IV ,250.137, ,897 608.5   ,4,,,,,,,,,,,,,,
Al IV ,250.137, ,897 608.5   ,5,,,,,,,,,,,,,,
Al IV ,250.16, ,897 608.5   ,4,,,,,,,,,,,,,,
Al IV ,250.16, ,897 608.5   ,5,,,,,,,,,,,,,,
Al IX , ,1.06E+07,1 800 910     , 5/2 ,,,,,,,,,,,,,,
 , , , , ,,,,,,,,,,,,,,
Al VI , ,1.02E+04,1 079 610     ,3,,,,,,,,,,,,,,
Al II ,250.425, ,150 009.9   ,1,,,,,,,,,,,,,,
Al X , ,1.17E+07,2 170 190     ,2,,,,,,,,,,,,,,
Al II ,251.3145, ,149 868.6   ,3,,,,,,,,,,,,,,
Al I ,251.3305, ,78 710.26  , 7/2 ,,,,,,,,,,,,,,
 , , , , ,,,,,,,,,,,,,,
Al VI , ,2.15E+02,1 079 456     ,2,,,,,,,,,,,,,,
Al IV ,251.43, ,897 571.0   ,4,,,,,,,,,,,,,,
Al IV ,251.43, ,897 571.0   ,3,,,,,,,,,,,,,,
Al IV ,251.548, ,900 988.4   ,4,,,,,,,,,,,,,,
Al IV ,251.548, ,900 988.4   ,3,,,,,,,,,,,,,,
 , , , , ,,,,,,,,,,,,,,
Al IV ,251.548, ,900 988.4   ,4,,,,,,,,,,,,,,
Al IV ,251.587, ,900 988.4   ,4,,,,,,,,,,,,,,
Al IV ,251.587, ,900 988.4   ,3,,,,,,,,,,,,,,
Al IV ,251.587, ,900 988.4   ,4,,,,,,,,,,,,,,
Al IV ,251.587, ,900 988.4   ,5,,,,,,,,,,,,,,
 , , , , ,,,,,,,,,,,,,,
Al IV ,251.587, ,897 571.0   ,3,,,,,,,,,,,,,,
Al IV ,251.62, ,900 988.4   ,4,,,,,,,,,,,,,,
Al IV ,251.62, ,900 988.4   ,3,,,,,,,,,,,,,,
Al IV ,251.729, ,900 988.4   ,3,,,,,,,,,,,,,,
Al I ,251.9222, ,78 612.23  , 5/2 ,,,,,,,,,,,,,,
 , , , , ,,,,,,,,,,,,,,
Al I ,251.9514, ,78 612.23  , 5/2 ,,,,,,,,,,,,,,
Al II ,252.0579, ,149 751.2   ,1,,,,,,,,,,,,,,
Al IV ,252.068, ,897 470.3   ,2,,,,,,,,,,,,,,
Al IV ,252.068, ,897 470.3   ,3,,,,,,,,,,,,,,
Al IV ,252.228, ,897 470.3   ,3,,,,,,,,,,,,,,
 , , , , ,,,,,,,,,,,,,,
Al IV ,252.228, ,897 470.3   ,2,,,,,,,,,,,,,,
Al III , ,1.01E+07,205 387.77  , 3/2 ,,,,,,,,,,,,,,
Al III , ,1.12E+06,205 387.77  , 3/2 ,,,,,,,,,,,,,,
Al III , ,1.12E+07,205 375.74  , 1/2 ,,,,,,,,,,,,,,
Al II ,252.6486,1.94E+07,134 919.40  ,1,,,,,,,,,,,,,,
 , , , , ,,,,,,,,,,,,,,
Al IV ,252.727, ,897 608.5   ,4,,,,,,,,,,,,,,
Al IV ,252.75, ,897 608.5   ,5,,,,,,,,,,,,,,
Al IV ,252.75, ,897 608.5   ,4,,,,,,,,,,,,,,
Al IX , ,1.10E+06,1 800 510     , 3/2 ,,,,,,,,,,,,,,
Al IV ,252.963, ,897 571.0   ,4,,,,,,,,,,,,,,
 , , , , ,,,,,,,,,,,,,,
Al IV ,252.963, ,897 571.0   ,3,,,,,,,,,,,,,,
Al IV ,252.99, ,897 571.0   ,4,,,,,,,,,,,,,,
Al IV ,252.99, ,897 571.0   ,3,,,,,,,,,,,,,,
Al II ,253.2092, ,149 571.0   ,3,,,,,,,,,,,,,,
Al II ,253.2629, ,135 022.127 ,2,,,,,,,,,,,,,,
 , , , , ,,,,,,,,,,,,,,
Al II ,253.3117, ,135 015.701 ,1,,,,,,,,,,,,,,
Al II ,253.317, ,135 015.701 ,1,,,,,,,,,,,,,,
Al X , ,3.79E+07,1 923 850     ,1,,,,,,,,,,,,,,
Al II ,254.0179, ,146 276.0   ,2,,,,,,,,,,,,,,
Al II ,254.0706, ,149 437.17  ,1,,,,,,,,,,,,,,
 , , , , ,,,,,,,,,,,,,,
Al II ,254.5606, ,146 192.1   ,0,,,,,,,,,,,,,,
Al II ,254.9314, ,144 642.0   ,1,,,,,,,,,,,,,,
Al II ,255.0217, ,144 642.18  ,2,,,,,,,,,,,,,,
Al II ,255.2109, ,144 642.45  ,3,,,,,,,,,,,,,,
Al II ,255.6007, ,149 201.6   ,3,,,,,,,,,,,,,,
 , , , , ,,,,,,,,,,,,,,
Al II ,255.6793, ,144 527.35  ,1,,,,,,,,,,,,,,
Al II ,255.7707, ,144 527.35  ,1,,,,,,,,,,,,,,
Al II ,255.9627, ,144 527.35  ,1,,,,,,,,,,,,,,
Al II ,256.5694, ,149 053.98  ,1,,,,,,,,,,,,,,
Al I ,256.7984,1.92E+07,38 929.413 , 3/2 ,,,,,,,,,,,,,,
 , , , , ,,,,,,,,,,,,,,
Al I ,257.5094,3.60E+07,38 933.968 , 5/2 ,,,,,,,,,,,,,,
Al I ,257.5393,5.99E+06,38 929.413 , 3/2 ,,,,,,,,,,,,,,
Al VI , ,2.34E+06,1 207 940     ,0,,,,,,,,,,,,,,
Al II ,258.6829, ,148 735.66  ,3,,,,,,,,,,,,,,
Al IX , ,2.93E+04,2 301 150     , 5/2 ,,,,,,,,,,,,,,
 , , , , ,,,,,,,,,,,,,,
Al II ,259.6992, ,148 584.44  ,1,,,,,,,,,,,,,,
Al VI , ,1.36E+00,41 167     ,2,,,,,,,,,,,,,,
Al V ,260.471,1.54E+07,835 033.3   , 1/2 ,,,,,,,,,,,,,,
Al VI , ,1.69E+06,1 206 880     ,1,,,,,,,,,,,,,,
Al II ,262.2926, ,149 751.2   ,1,,,,,,,,,,,,,,
 , , , , ,,,,,,,,,,,,,,
Al IV ,262.454, ,874 756.8   ,1,,,,,,,,,,,,,,
Al II ,262.7597, ,148 135.9   ,3,,,,,,,,,,,,,,
Al II ,263.1546,2.48E+08,123 470.5   ,3,,,,,,,,,,,,,,
Al I ,263.395, ,80 191.9   , 5/2 ,,,,,,,,,,,,,,
Al VII , ,5.33E+05,1 740 040?    , 3/2 ,,,,,,,,,,,,,,
 , , , , ,,,,,,,,,,,,,,
Al II ,263.502, ,123 420.45  ,3,,,,,,,,,,,,,,
Al I ,263.603, ,80 158.0   , 3/2 ,,,,,,,,,,,,,,
Al I ,263.632, ,80 158.0   , 3/2 ,,,,,,,,,,,,,,
Al II ,263.6724, ,148 004.49  ,1,,,,,,,,,,,,,,
Al II ,263.7689,2.85E+07,133 450.07  ,4,,,,,,,,,,,,,,
 , , , , ,,,,,,,,,,,,,,
Al II ,263.8178,3.18E+06,133 443.08  ,3,,,,,,,,,,,,,,
Al II ,263.8255,2.53E+07,133 443.08  ,3,,,,,,,,,,,,,,
Al II , ,1.25E+05,133 437.71  ,2,,,,,,,,,,,,,,
Al II ,263.8627,4.44E+06,133 437.71  ,2,,,,,,,,,,,,,,
Al II ,263.869,2.40E+07,133 437.71  ,2,,,,,,,,,,,,,,
 , , , , ,,,,,,,,,,,,,,
Al II ,264.0408, ,144 782.23  ,2,,,,,,,,,,,,,,
Al I ,264.749, ,70 709.4   , 1/2 ,,,,,,,,,,,,,,
Al I ,264.861, ,70 709.4   , 1/2 ,,,,,,,,,,,,,,
Al II ,265.0073, ,144 644.14  ,0,,,,,,,,,,,,,,
Al I ,265.2484,1.42E+07,37 689.407 , 1/2 ,,,,,,,,,,,,,,
 , , , , ,,,,,,,,,,,,,,
Al VII , ,3.13E+06,1 739 780     , 5/2 ,,,,,,,,,,,,,,
Al VI , ,5.37E+05,1 206 880     ,1,,,,,,,,,,,,,,
Al I ,265.7406, ,76 553.47  , 5/2 ,,,,,,,,,,,,,,
Al I ,265.933, ,76 521.7   , 3/2 ,,,,,,,,,,,,,,
Al II , ,3.35E-03,37 577.79  ,2,,,,,,,,,,,,,,
 , , , , ,,,,,,,,,,,,,,
Al I ,266.0393,2.84E+07,37 689.407 , 1/2 ,,,,,,,,,,,,,,
Al VI , ,2.79E+06,1 031 395     ,3,,,,,,,,,,,,,,
Al II ,266.9157,3.28E+03,37 453.91  ,1,,,,,,,,,,,,,,
Al II ,267.1811, ,149 053.98  ,1,,,,,,,,,,,,,,
Al VI , ,2.25E+06,1 031 005     ,2,,,,,,,,,,,,,,
 , , , , ,,,,,,,,,,,,,,
Al VI , ,1.44E+06,1 030 908     ,1,,,,,,,,,,,,,,
Al VII , ,1.02E+07,1 739 420     , 7/2 ,,,,,,,,,,,,,,
Al II ,268.3274, ,147 346.67  ,3,,,,,,,,,,,,,,
Al VI , ,9.34E+05,1 030 908     ,1,,,,,,,,,,,,,,
Al II ,268.8743, ,147 270.82  ,1,,,,,,,,,,,,,,
 , , , , ,,,,,,,,,,,,,,
Al VI , ,4.32E+05,1 031 005     ,2,,,,,,,,,,,,,,
Al VI , ,7.24E+04,1 030 908     ,1,,,,,,,,,,,,,,
Al II ,270.577, ,148 584.44  ,1,,,,,,,,,,,,,,
Al II ,270.6435, ,142 365.54  ,1,,,,,,,,,,,,,,
Al II ,270.7452, ,142 365.69  ,2,,,,,,,,,,,,,,
 , , , , ,,,,,,,,,,,,,,
Al II ,270.9593, ,142 365.98  ,3,,,,,,,,,,,,,,
Al II ,271.9884, ,142 182.94  ,1,,,,,,,,,,,,,,
Al II ,272.3098, ,142 182.94  ,1,,,,,,,,,,,,,,
Al I ,274.098, ,78 710.26  , 7/2 ,,,,,,,,,,,,,,
Al I ,274.8065, ,78 612.23  , 5/2 ,,,,,,,,,,,,,,
 , , , , ,,,,,,,,,,,,,,
Al II ,274.8925, ,148 004.49  ,1,,,,,,,,,,,,,,
Al II ,276.0844, ,146 299.92  ,1,,,,,,,,,,,,,,
Al II ,276.2464, ,146 278.70  ,3,,,,,,,,,,,,,,
Al III ,276.2815,7.47E+06,201 971.16  , 5/2 ,,,,,,,,,,,,,,
Al III ,276.2815,1.12E+08,201 971.16  , 7/2 ,,,,,,,,,,,,,,
 , , , , ,,,,,,,,,,,,,,
Al III ,276.2815,1.05E+08,201 971.16  , 5/2 ,,,,,,,,,,,,,,
Al I ,277.519, ,80 191.9   , 5/2 ,,,,,,,,,,,,,,
Al I ,277.763, ,80 158.0   , 3/2 ,,,,,,,,,,,,,,
Al VI , ,2.78E+05,1 204 520     ,2,,,,,,,,,,,,,,
Al II ,280.1178, ,142 609.27  ,2,,,,,,,,,,,,,,
 , , , , ,,,,,,,,,,,,,,
Al II ,280.5518, ,147 270.82  ,1,,,,,,,,,,,,,,
Al IX , ,4.61E+05,2 301 150     , 5/2 ,,,,,,,,,,,,,,
Al II ,281.6185,3.57E+08,95 350.60  ,0,,,,,,,,,,,,,,
Al V , ,4.48E+06,1 131 650     , 3/2 ,,,,,,,,,,,,,,
Al II ,282.0646, ,142 363.06  ,0,,,,,,,,,,,,,,
 , , , , ,,,,,,,,,,,,,,
Al III , ,7.15E+05,213 737.44  , 3/2 ,,,,,,,,,,,,,,
Al VI , ,1.77E+04,1 204 520     ,2,,,,,,,,,,,,,,
Al III , ,1.35E+05,213 737.44  , 3/2 ,,,,,,,,,,,,,,
Al III , ,8.13E+05,213 737.44  , 5/2 ,,,,,,,,,,,,,,
Al I ,283.7856, ,67 662.959 , 5/2 ,,,,,,,,,,,,,,
 , , , , ,,,,,,,,,,,,,,
Al I ,283.7963, ,67 662.959 , 5/2 ,,,,,,,,,,,,,,
Al I ,284.0099, ,67 635.128 , 3/2 ,,,,,,,,,,,,,,
Al I ,284.0205, ,67 635.128 , 3/2 ,,,,,,,,,,,,,,
Al VI , ,1.48E+06,1 204 520     ,2,,,,,,,,,,,,,,
Al II ,286.8494, ,144 941.10  ,1,,,,,,,,,,,,,,
 , , , , ,,,,,,,,,,,,,,
Al I ,286.892, ,80 191.9   , 5/2 ,,,,,,,,,,,,,,
Al IV ,286.898, ,871 512.2   ,1,,,,,,,,,,,,,,
Al I ,287.157, ,80 158.0   , 3/2 ,,,,,,,,,,,,,,
Al III , ,9.61E+05,205 387.77  , 3/2 ,,,,,,,,,,,,,,
Al III , ,1.03E+06,205 375.74  , 1/2 ,,,,,,,,,,,,,,
 , , , , ,,,,,,,,,,,,,,
Al V , ,1.15E+07,1 130 900     , 5/2 ,,,,,,,,,,,,,,
Al II ,288.145, ,144 784.45  ,3,,,,,,,,,,,,,,
Al II ,288.4106, ,146 299.92  ,1,,,,,,,,,,,,,,
Al I ,289.4228, ,78 710.26  , 7/2 ,,,,,,,,,,,,,,
Al II ,290.2141, ,125 721.703 ,2,,,,,,,,,,,,,,
 , , , , ,,,,,,,,,,,,,,
Al I ,290.2258, ,78 612.23  , 5/2 ,,,,,,,,,,,,,,
Al II ,290.3225, ,125 708.828 ,1,,,,,,,,,,,,,,
Al II ,290.3718, ,125 703.14  ,0,,,,,,,,,,,,,,
Al III ,290.705, ,202 003.58  , 7/2 ,,,,,,,,,,,,,,
Al III ,290.705, ,202 003.58  , 9/2 ,,,,,,,,,,,,,,
 , , , , ,,,,,,,,,,,,,,
Al III ,290.705, ,202 003.58  , 7/2 ,,,,,,,,,,,,,,
Al I ,291.3267, ,76 553.47  , 5/2 ,,,,,,,,,,,,,,
Al I ,291.566, ,76 521.7   , 3/2 ,,,,,,,,,,,,,,
Al I ,292.793, ,73 077.8   , 7/2 ,,,,,,,,,,,,,,
Al I ,293.604, ,72 978.9   , 5/2 ,,,,,,,,,,,,,,
 , , , , ,,,,,,,,,,,,,,
Al VI , ,4.23E+01,1 064 689+x   ,0,,,,,,,,,,,,,,
Al VI , ,2.03E+02,1 064 689+x   ,1,,,,,,,,,,,,,,
Al VI , ,1.49E+02,1 064 679+x   ,2,,,,,,,,,,,,,,
Al III , ,1.58E+05,201 375.20  , 5/2 ,,,,,,,,,,,,,,
Al III ,296.106,3.33E+06,201 375.56  , 3/2 ,,,,,,,,,,,,,,
 , , , , ,,,,,,,,,,,,,,
Al III ,296.106,3.17E+06,201 375.20  , 5/2 ,,,,,,,,,,,,,,
Al IV ,296.129, ,836 666.5   ,0,,,,,,,,,,,,,,
Al VI , ,2.04E+02,1 064 689+x   ,1,,,,,,,,,,,,,,
Al VI , ,6.90E+02,1 064 679+x   ,2,,,,,,,,,,,,,,
Al VI , ,1.18E+02,1 064 667+x   ,3,,,,,,,,,,,,,,
 , , , , ,,,,,,,,,,,,,,
Al II ,299.4277,4.04E+06,138 814.87  ,1,,,,,,,,,,,,,,
Al II ,299.5525,5.44E+06,138 814.87  ,2,,,,,,,,,,,,,,
Al II , ,3.03E+06,138 814.87  ,1,,,,,,,,,,,,,,
Al I ,299.629, ,78 710.26  , 7/2 ,,,,,,,,,,,,,,
Al II ,299.815,7.26E+06,138 815.12  ,3,,,,,,,,,,,,,,
 , , , , ,,,,,,,,,,,,,,
Al II , ,2.01E+05,138 814.87  ,1,,,,,,,,,,,,,,
Al II , ,1.81E+06,138 814.87  ,2,,,,,,,,,,,,,,
Al II ,300.179, ,144 941.10  ,1,,,,,,,,,,,,,,
Al V , ,7.43E+05,1 131 650     , 3/2 ,,,,,,,,,,,,,,
Al VI , ,1.92E+02,1 064 679+x   ,2,,,,,,,,,,,,,,
 , , , , ,,,,,,,,,,,,,,
Al X , ,1.67E+07,2 161 960     ,2,,,,,,,,,,,,,,
Al VI , ,1.32E+01,1 064 664+x   ,4,,,,,,,,,,,,,,
Al VI , ,1.12E+03,1 064 667+x   ,3,,,,,,,,,,,,,,
Al I ,300.502, ,78 612.23  , 5/2 ,,,,,,,,,,,,,,
Al V , ,1.47E+06,1 129 350     , 1/2 ,,,,,,,,,,,,,,
 , , , , ,,,,,,,,,,,,,,
Al V , ,1.67E+06,1 129 350     , 3/2 ,,,,,,,,,,,,,,
Al II ,302.2789,2.68E+06,138 499.89  ,1,,,,,,,,,,,,,,
Al II ,302.4077,8.02E+06,138 499.89  ,1,,,,,,,,,,,,,,
Al II ,302.6761,1.33E+07,138 499.89  ,1,,,,,,,,,,,,,,
Al X , ,2.15E+07,2 163 340     ,3,,,,,,,,,,,,,,
 , , , , ,,,,,,,,,,,,,,
Al V , ,1.15E+07,1 098 350?    , 1/2 ,,,,,,,,,,,,,,
Al II ,304.1276, ,142 961.20  ,1,,,,,,,,,,,,,,
Al I ,305.0073, ,61 843.54  , 5/2 ,,,,,,,,,,,,,,
Al I ,305.4679, ,61 747.56  , 3/2 ,,,,,,,,,,,,,,
Al I ,305.7144, ,61 843.54  , 5/2 ,,,,,,,,,,,,,,
 , , , , ,,,,,,,,,,,,,,
Al I ,305.9029, ,61 747.56  , 3/2 ,,,,,,,,,,,,,,
Al I ,305.9924, ,61 691.46  , 1/2 ,,,,,,,,,,,,,,
Al I ,306.429, ,61 691.46  , 1/2 ,,,,,,,,,,,,,,
Al I ,306.512, ,78 710.26  , 7/2 ,,,,,,,,,,,,,,
Al I ,306.6145, ,61 747.56  , 3/2 ,,,,,,,,,,,,,,
 , , , , ,,,,,,,,,,,,,,
Al VII , ,1.41E-01,94 869     , 3/2 ,,,,,,,,,,,,,,
Al VII , ,8.90E+00,94 869     , 3/2 ,,,,,,,,,,,,,,
Al II ,307.4691,9.02E+06,142 604.05  ,3,,,,,,,,,,,,,,
Al VII , ,3.39E-01,94 869     , 3/2 ,,,,,,,,,,,,,,
Al VII , ,5.01E+00,94 869     , 3/2 ,,,,,,,,,,,,,,
 , , , , ,,,,,,,,,,,,,,
Al I ,308.21529,5.87E+07,32 435.453 , 3/2 ,,,,,,,,,,,,,,
Al I ,308.702, ,76 553.47  , 5/2 ,,,,,,,,,,,,,,
Al II ,308.8516,1.08E+07,139 289.15  ,2,,,,,,,,,,,,,,
Al I ,308.982, ,76 521.7   , 3/2 ,,,,,,,,,,,,,,
Al I ,309.27099,7.29E+07,32 436.796 , 5/2 ,,,,,,,,,,,,,,
 , , , , ,,,,,,,,,,,,,,
Al I ,309.28386,1.16E+07,32 435.453 , 3/2 ,,,,,,,,,,,,,,
Al VII , ,2.84E-01,94 603     , 1/2 ,,,,,,,,,,,,,,
Al VII , ,5.45E+00,94 603     , 1/2 ,,,,,,,,,,,,,,
Al VII , ,1.88E-01,94 603     , 1/2 ,,,,,,,,,,,,,,
Al X , ,8.18E+06,2 160 650?    ,1,,,,,,,,,,,,,,
 , , , , ,,,,,,,,,,,,,,
Al II ,313.5848, ,138 800.60  ,0,,,,,,,,,,,,,,
Al VIII , ,5.65E+07,1 816 930?    ,3,,,,,,,,,,,,,,
Al X , ,4.73E+06,2 161 960     ,2,,,,,,,,,,,,,,
Al VIII , ,2.65E+06,1 847 470?    ,3,,,,,,,,,,,,,,
Al IX , ,4.16E+06,1 722 410     , 3/2 ,,,,,,,,,,,,,,
 , , , , ,,,,,,,,,,,,,,
Al III ,318.0111,1.04E+07,209 869.89  , 1/2 ,,,,,,,,,,,,,,
Al III ,318.3824,2.08E+07,209 869.89  , 1/2 ,,,,,,,,,,,,,,
Al II ,319.1529, ,142 961.20  ,1,,,,,,,,,,,,,,
Al I ,320.339, ,76 553.47  , 5/2 ,,,,,,,,,,,,,,
Al IV ,320.82, ,852 570.5   ,2,,,,,,,,,,,,,,
 , , , , ,,,,,,,,,,,,,,
Al IV ,321.413, ,856 843.1   ,2,,,,,,,,,,,,,,
Al V , ,2.39E+06,1 129 350     , 1/2 ,,,,,,,,,,,,,,
Al V , ,6.83E+06,1 129 350     , 3/2 ,,,,,,,,,,,,,,
Al IV ,324.1343, ,858 642.0   ,1,,,,,,,,,,,,,,
Al I ,324.159, ,73 077.8   , 7/2 ,,,,,,,,,,,,,,
 , , , , ,,,,,,,,,,,,,,
Al IV ,324.6143, ,858 642.0   ,1,,,,,,,,,,,,,,
Al I ,325.16, ,72 978.9   , 5/2 ,,,,,,,,,,,,,,
Al IV ,325.3426, ,855 272.7   ,1,,,,,,,,,,,,,,
Al V , ,9.38E+05,1 096 180?    , 3/2 ,,,,,,,,,,,,,,
Al XII , ,2.14E+07,(15 051 159)    ,2,,,,,,,,,,,,,,
 , , , , ,,,,,,,,,,,,,,
Al VIII , ,1.29E+07,1 815 970?    ,2,,,,,,,,,,,,,,
Al IV ,326.7213, ,852 007.5   ,1,,,,,,,,,,,,,,
Al VIII , ,1.93E+07,1 847 470?    ,3,,,,,,,,,,,,,,
Al II ,327.5767,7.41E+06,125 869.015 ,1,,,,,,,,,,,,,,
Al I ,328.22, ,76 553.47  , 5/2 ,,,,,,,,,,,,,,
 , , , , ,,,,,,,,,,,,,,
Al III ,328.3316,1.99E+06,208 881.83  , 3/2 ,,,,,,,,,,,,,,
Al IV ,328.513, ,836 666.5   ,0,,,,,,,,,,,,,,
Al III , ,3.82E+05,208 881.83  , 3/2 ,,,,,,,,,,,,,,
Al III ,328.7302,2.29E+06,208 881.83  , 5/2 ,,,,,,,,,,,,,,
Al IV ,329.7943, ,851 722.1   ,0,,,,,,,,,,,,,,
 , , , , ,,,,,,,,,,,,,,
Al X , ,4.64E+05,2 160 650?    ,1,,,,,,,,,,,,,,
Al VIII , ,1.46E+07,1 846 150?    ,2,,,,,,,,,,,,,,
Al II ,331.3344,1.33E+06,125 721.703 ,2,,,,,,,,,,,,,,
Al II ,331.347,2.37E+05,125 721.703 ,2,,,,,,,,,,,,,,
Al II , ,1.58E+04,125 721.703 ,2,,,,,,,,,,,,,,
 , , , , ,,,,,,,,,,,,,,
Al II ,331.4756, ,125 708.828 ,1,,,,,,,,,,,,,,
Al II ,331.4883,1.18E+06,125 708.828 ,1,,,,,,,,,,,,,,
Al II ,331.4981,3.94E+05,125 708.828 ,1,,,,,,,,,,,,,,
Al II ,331.5516, ,125 703.14  ,0,,,,,,,,,,,,,,
Al II ,331.5608,1.58E+06,125 703.14  ,0,,,,,,,,,,,,,,
 , , , , ,,,,,,,,,,,,,,
Al IV ,331.6546, ,858 642.0   ,1,,,,,,,,,,,,,,
Al IV ,333.2962, ,855 272.7   ,1,,,,,,,,,,,,,,
Al IV ,334.446, ,853 971.5   ,3,,,,,,,,,,,,,,
Al IX , ,1.43E+07,1 720 830     , 1/2 ,,,,,,,,,,,,,,
Al III ,334.8517,1.88E+07,195 641.74  , 3/2 ,,,,,,,,,,,,,,
 , , , , ,,,,,,,,,,,,,,
Al III , ,2.08E+06,195 641.74  , 3/2 ,,,,,,,,,,,,,,
Al III ,335.0885,2.07E+07,195 621.72  , 1/2 ,,,,,,,,,,,,,,
Al II ,335.1462,1.04E+07,139 918.98  ,1,,,,,,,,,,,,,,
Al V , ,7.54E+06,1 096 180?    , 3/2 ,,,,,,,,,,,,,,
Al VIII , ,2.97E+06,1 846 150?    ,2,,,,,,,,,,,,,,
 , , , , ,,,,,,,,,,,,,,
Al IV ,342.3125, ,853 749.4   ,2,,,,,,,,,,,,,,
Al XII , ,1.84E+07,(15 049 642)    ,1,,,,,,,,,,,,,,
Al II ,342.8894,5.78E+06,139 245.343 ,3,,,,,,,,,,,,,,
Al I ,343.9347, ,29 066.96  , 3/2 ,,,,,,,,,,,,,,
Al I ,344.364, ,29 142.78  , 5/2 ,,,,,,,,,,,,,,
 , , , , ,,,,,,,,,,,,,,
Al I ,344.4865, ,29 020.41  , 1/2 ,,,,,,,,,,,,,,
Al IV ,345.2159, ,853 039.1   ,3,,,,,,,,,,,,,,
Al I ,345.2657, ,29 066.96  , 3/2 ,,,,,,,,,,,,,,
Al I ,345.8216, ,73 077.8   , 7/2 ,,,,,,,,,,,,,,
Al I ,345.8216, ,29 020.41  , 1/2 ,,,,,,,,,,,,,,
 , , , , ,,,,,,,,,,,,,,
Al II ,346.363, ,150 346.9   ,4,,,,,,,,,,,,,,
Al I ,346.98, ,72 978.9   , 5/2 ,,,,,,,,,,,,,,
Al IV ,347.3536, ,856 625.8   ,2,,,,,,,,,,,,,,
Al XII , ,1.77E+07,(15 049 250)    ,0,,,,,,,,,,,,,,
Al I ,347.9806, ,67 662.959 , 5/2 ,,,,,,,,,,,,,,
 , , , , ,,,,,,,,,,,,,,
Al I ,348.2628, ,67 635.128 , 3/2 ,,,,,,,,,,,,,,
Al IV ,349.2226, ,852 706.8   ,4,,,,,,,,,,,,,,
Al IV ,350.8457, ,853 039.1   ,3,,,,,,,,,,,,,,
Al IV ,351.1284, ,853 749.4   ,2,,,,,,,,,,,,,,
Al II ,351.605, ,149 916.3   ,4,,,,,,,,,,,,,,
 , , , , ,,,,,,,,,,,,,,
Al IV ,351.7556, ,856 859.9   ,3,,,,,,,,,,,,,,
Al IV ,351.9638, ,856 843.1   ,2,,,,,,,,,,,,,,
Al III , ,1.07E+06,217 239.31  , 5/2 ,,,,,,,,,,,,,,
Al III , ,1.61E+07,217 239.31  , 7/2 ,,,,,,,,,,,,,,
Al III , ,1.50E+07,217 239.31  , 5/2 ,,,,,,,,,,,,,,
 , , , , ,,,,,,,,,,,,,,
Al IV ,352.7034, ,856 843.1   ,2,,,,,,,,,,,,,,
Al II ,353.4856,8.11E+05,139 918.98  ,1,,,,,,,,,,,,,,
Al IX , ,1.51E+07,1 722 410     , 3/2 ,,,,,,,,,,,,,,
Al IV ,354.1076, ,853 971.5   ,3,,,,,,,,,,,,,,
Al IV ,354.677, ,856 625.8   ,2,,,,,,,,,,,,,,
 , , , , ,,,,,,,,,,,,,,
Al II ,355.2, ,149 629.0   ,4,,,,,,,,,,,,,,
Al II ,358.6557,2.35E+08,123 423.36  ,4,,,,,,,,,,,,,,
Al II ,358.6708, ,123 423.36  ,4,,,,,,,,,,,,,,
Al II ,358.6811, ,123 423.36  ,4,,,,,,,,,,,,,,
Al II ,358.6912, ,123 420.45  ,3,,,,,,,,,,,,,,
 , , , , ,,,,,,,,,,,,,,
Al II ,358.692,2.62E+07,123 420.45  ,3,,,,,,,,,,,,,,
Al II ,358.6936, ,123 420.45  ,3,,,,,,,,,,,,,,
Al II ,358.7068,2.09E+08,123 420.45  ,3,,,,,,,,,,,,,,
Al II ,358.7165, ,123 418.48  ,2,,,,,,,,,,,,,,
Al II ,358.7185,1.03E+06,123 418.48  ,2,,,,,,,,,,,,,,
 , , , , ,,,,,,,,,,,,,,
Al II ,358.7195, ,123 418.48  ,2,,,,,,,,,,,,,,
Al II ,358.7309, ,123 418.48  ,2,,,,,,,,,,,,,,
Al II ,358.733,3.66E+07,123 418.48  ,2,,,,,,,,,,,,,,
Al II ,358.7342, ,123 418.48  ,2,,,,,,,,,,,,,,
Al II ,358.745,1.97E+08,123 418.48  ,2,,,,,,,,,,,,,,
 , , , , ,,,,,,,,,,,,,,
Al II ,359.75, ,149 273.0   ,4,,,,,,,,,,,,,,
Al III ,360.1628,1.31E+08,143 713.50  , 3/2 ,,,,,,,,,,,,,,
Al III ,360.1926,1.46E+07,143 713.50  , 3/2 ,,,,,,,,,,,,,,
Al VI , ,8.64E+02,1 031 005     ,2,,,,,,,,,,,,,,
Al III ,361.2356,1.45E+08,143 633.38  , 1/2 ,,,,,,,,,,,,,,
 , , , , ,,,,,,,,,,,,,,
Al VI , ,5.42E+05,1 030 908     ,1,,,,,,,,,,,,,,
Al IV ,363.886, ,855 272.7   ,1,,,,,,,,,,,,,,
Al II ,364.9184, ,132 822.95  ,1,,,,,,,,,,,,,,
Al II ,364.92,1.26E+07,132 822.95  ,1,,,,,,,,,,,,,,
Al II ,364.9232, ,132 822.95  ,1,,,,,,,,,,,,,,
 , , , , ,,,,,,,,,,,,,,
Al II ,365.1065, ,132 822.80  ,2,,,,,,,,,,,,,,
Al II , ,9.45E+06,132 822.95  ,1,,,,,,,,,,,,,,
Al II ,365.1078,1.70E+07,132 822.80  ,2,,,,,,,,,,,,,,
Al II ,365.1096, ,132 822.80  ,2,,,,,,,,,,,,,,
Al III , , ,217 250.17  , 7/2 ,,,,,,,,,,,,,,
 , , , , ,,,,,,,,,,,,,,
Al III , , ,217 250.17  , 9/2 ,,,,,,,,,,,,,,
Al II ,365.4981, ,132 822.89  ,3,,,,,,,,,,,,,,
Al II ,365.4991,2.26E+07,132 822.89  ,3,,,,,,,,,,,,,,
Al II , ,6.28E+05,132 822.95  ,1,,,,,,,,,,,,,,
Al II ,365.4998, ,132 822.89  ,3,,,,,,,,,,,,,,
 , , , , ,,,,,,,,,,,,,,
Al II , ,5.64E+06,132 822.80  ,2,,,,,,,,,,,,,,
Al II ,365.6319, ,148 825.7   ,4,,,,,,,,,,,,,,
Al III ,365.83, ,217 252.15  , 9/2 ,,,,,,,,,,,,,,
Al III ,365.83, ,217 252.15  , 11/2 ,,,,,,,,,,,,,,
Al III , , ,217 239.31  , 5/2 ,,,,,,,,,,,,,,
 , , , , ,,,,,,,,,,,,,,
Al III , , ,217 239.31  , 7/2 ,,,,,,,,,,,,,,
Al IV ,366.201, ,853 039.1   ,3,,,,,,,,,,,,,,
Al IV ,366.288, ,852 570.5   ,2,,,,,,,,,,,,,,
Al III ,370.2106,1.13E+08,170 637.35  , 1/2 ,,,,,,,,,,,,,,
Al II ,370.3219,3.23E+07,133 916.368 ,2,,,,,,,,,,,,,,
 , , , , ,,,,,,,,,,,,,,
Al III ,371.3123,2.27E+08,170 637.35  , 1/2 ,,,,,,,,,,,,,,
Al IV ,372.592, ,852 570.5   ,2,,,,,,,,,,,,,,
Al II ,373.1952,4.95E+06,132 215.517 ,1,,,,,,,,,,,,,,
Al II ,373.3908,1.48E+07,132 215.517 ,1,,,,,,,,,,,,,,
Al II ,373.4567, ,148 253.08  ,4,,,,,,,,,,,,,,
 , , , , ,,,,,,,,,,,,,,
Al II ,373.4715, ,148 252.52  ,3,,,,,,,,,,,,,,
Al II ,373.4715, ,148 252.37  ,2,,,,,,,,,,,,,,
Al II ,373.8015,2.46E+07,132 215.517 ,1,,,,,,,,,,,,,,
Al IX , ,5.09E+06,1 720 830     , 1/2 ,,,,,,,,,,,,,,
Al II ,375.31, ,148 004.49  ,1,,,,,,,,,,,,,,
 , , , , ,,,,,,,,,,,,,,
Al II , , ,146 602.10  ,2,,,,,,,,,,,,,,
Al II , , ,146 596.95  ,1,,,,,,,,,,,,,,
Al II , , ,146 594.85  ,0,,,,,,,,,,,,,,
Al VIII , ,6.03E+06,1 531 250     , 1? ,,,,,,,,,,,,,,
Al IV ,380.581, ,852 007.5   ,1,,,,,,,,,,,,,,
 , , , , ,,,,,,,,,,,,,,
Al II ,384.2037, ,147 504.12  ,4,,,,,,,,,,,,,,
Al II ,384.2213, ,147 503.27  ,3,,,,,,,,,,,,,,
Al II ,384.2317, ,147 502.76  ,2,,,,,,,,,,,,,,
Al II ,385.933, ,147 270.82  ,1,,,,,,,,,,,,,,
Al II ,386.616,4.26E+07,132 778.633 ,0,,,,,,,,,,,,,,
 , , , , ,,,,,,,,,,,,,,
Al IX , ,7.24E+07,2 265 590?    , 7/2 ,,,,,,,,,,,,,,
Al VI , ,1.74E+06,986 765     ,0,,,,,,,,,,,,,,
Al IX , ,6.71E+07,2 262 600?    , 5/2 ,,,,,,,,,,,,,,
Al II ,390.0675,4.80E+05,85 481.35  ,2,,,,,,,,,,,,,,
Al VI , ,2.76E+04,986 706     ,2,,,,,,,,,,,,,,
 , , , , ,,,,,,,,,,,,,,
Al VI , ,3.55E+05,986 706     ,2,,,,,,,,,,,,,,
Al VI , ,1.54E+06,986 706     ,2,,,,,,,,,,,,,,
Al VI , ,5.04E+05,986 643     ,1,,,,,,,,,,,,,,
Al VI , ,1.25E+06,986 643     ,1,,,,,,,,,,,,,,
Al I ,393.1996, ,67 662.959 , 5/2 ,,,,,,,,,,,,,,
 , , , , ,,,,,,,,,,,,,,
Al I ,393.5677, ,67 635.128 , 3/2 ,,,,,,,,,,,,,,
Al I ,394.40058,4.99E+07,25 347.756 , 1/2 ,,,,,,,,,,,,,,
Al I ,396.152,9.85E+07,25 347.756 , 1/2 ,,,,,,,,,,,,,,
Al II , , ,146 602.10  ,2,,,,,,,,,,,,,,
Al III , ,1.55E+06,213 995.48  , 5/2 ,,,,,,,,,,,,,,
 , , , , ,,,,,,,,,,,,,,
Al III ,398.014,2.33E+07,213 995.48  , 7/2 ,,,,,,,,,,,,,,
Al III ,398.014,2.17E+07,213 995.48  , 5/2 ,,,,,,,,,,,,,,
Al II , , ,146 596.95  ,1,,,,,,,,,,,,,,
Al II , , ,146 594.85  ,0,,,,,,,,,,,,,,
Al II , , ,145 159.49  ,2,,,,,,,,,,,,,,
 , , , , ,,,,,,,,,,,,,,
Al II , , ,145 151.06  ,1,,,,,,,,,,,,,,
Al II , , ,145 145.84  ,0,,,,,,,,,,,,,,
Al II ,399.5838,7.05E+06,146 502.47  ,4,,,,,,,,,,,,,,
Al II ,399.6075,7.85E+05,146 500.99  ,3,,,,,,,,,,,,,,
Al II ,399.6143,6.26E+06,146 500.99  ,3,,,,,,,,,,,,,,
 , , , , ,,,,,,,,,,,,,,
Al II ,399.6182, ,146 500.99  ,3,,,,,,,,,,,,,,
Al II , ,3.10E+04,146 499.90  ,2,,,,,,,,,,,,,,
Al II ,399.6323,1.10E+06,146 499.90  ,2,,,,,,,,,,,,,,
Al II ,399.637,5.91E+06,146 499.90  ,2,,,,,,,,,,,,,,
Al III ,399.8164,3.11E+05,195 641.74  , 3/2 ,,,,,,,,,,,,,,
 , , , , ,,,,,,,,,,,,,,
Al III ,400.1376,3.59E+05,195 621.72  , 1/2 ,,,,,,,,,,,,,,
Al II ,400.57, ,149 751.2   ,1,,,,,,,,,,,,,,
Al II ,400.958, ,146 299.92  ,1,,,,,,,,,,,,,,
Al II ,402.65,1.16E+07,134 919.40  ,1,,,,,,,,,,,,,,
Al II ,405.68, ,149 437.17  ,1,,,,,,,,,,,,,,
 , , , , ,,,,,,,,,,,,,,
Al III ,408.245,1.78E+07,202 921.60  , 1/2 ,,,,,,,,,,,,,,
Al II , ,6.04E+05,145 961.54  ,2,,,,,,,,,,,,,,
Al II , ,1.08E+05,145 961.54  ,2,,,,,,,,,,,,,,
Al II , ,7.17E+03,145 961.54  ,2,,,,,,,,,,,,,,
Al III ,408.8611,3.55E+07,202 921.60  , 1/2 ,,,,,,,,,,,,,,
 , , , , ,,,,,,,,,,,,,,
Al II , ,5.30E+05,145 834.70  ,1,,,,,,,,,,,,,,
Al II , ,1.77E+05,145 834.70  ,1,,,,,,,,,,,,,,
Al II , ,7.01E+05,145 776.15  ,0,,,,,,,,,,,,,,
Al III ,414.237, ,214 010.22  , 7/2 ,,,,,,,,,,,,,,
Al III ,414.237, ,214 010.22  , 9/2 ,,,,,,,,,,,,,,
 , , , , ,,,,,,,,,,,,,,
Al III ,414.9915,2.05E+08,189 876.42  , 7/2 ,,,,,,,,,,,,,,
Al III , ,1.37E+07,189 876.10  , 5/2 ,,,,,,,,,,,,,,
Al III ,415.0173,1.91E+08,189 876.10  , 5/2 ,,,,,,,,,,,,,,
Al III ,415.091, ,214 012.93  , 9/2 ,,,,,,,,,,,,,,
Al III ,415.091, ,214 012.93  , 11/2 ,,,,,,,,,,,,,,
 , , , , ,,,,,,,,,,,,,,
Al III ,415.091, ,214 012.93  , 9/2 ,,,,,,,,,,,,,,
Al III , , ,213 995.48  , 5/2 ,,,,,,,,,,,,,,
Al III , , ,213 995.48  , 7/2 ,,,,,,,,,,,,,,
Al VIII , ,7.52E+06,1 531 250     , 1? ,,,,,,,,,,,,,,
Al III ,418.973,1.59E+06,213 737.44  , 3/2 ,,,,,,,,,,,,,,
 , , , , ,,,,,,,,,,,,,,
Al III ,418.973,7.58E+04,213 737.44  , 5/2 ,,,,,,,,,,,,,,
Al III ,418.973,1.52E+06,213 737.44  , 5/2 ,,,,,,,,,,,,,,
Al IV ,419.041, ,825 739.6   ,2,,,,,,,,,,,,,,
Al II ,422.6813,9.37E+06,145 135.31  ,4,,,,,,,,,,,,,,
Al II ,422.6918, ,145 135.31  ,4,,,,,,,,,,,,,,
 , , , , ,,,,,,,,,,,,,,
Al II ,422.742,1.04E+06,145 131.93  ,3,,,,,,,,,,,,,,
Al II ,422.7492,8.31E+06,145 131.93  ,3,,,,,,,,,,,,,,
Al II ,422.7545, ,145 131.93  ,3,,,,,,,,,,,,,,
Al II ,422.7875,4.11E+04,145 129.51  ,2,,,,,,,,,,,,,,
Al II ,422.7945,1.46E+06,145 129.51  ,2,,,,,,,,,,,,,,
 , , , , ,,,,,,,,,,,,,,
Al II ,422.7999,7.85E+06,145 129.51  ,2,,,,,,,,,,,,,,
Al II ,424.0708, ,144 941.10  ,1,,,,,,,,,,,,,,
Al I ,425.512, ,67 662.959 , 5/2 ,,,,,,,,,,,,,,
Al II ,428.297, ,148 135.9   ,3,,,,,,,,,,,,,,
Al II , ,4.85E+05,134 919.40  ,1,,,,,,,,,,,,,,
 , , , , ,,,,,,,,,,,,,,
Al II ,430.7203, ,148 004.49  ,1,,,,,,,,,,,,,,
Al II ,433.2, ,143 170.04  ,2,,,,,,,,,,,,,,
Al II ,434.6866, ,146 416.9   ,3,,,,,,,,,,,,,,
Al II ,434.6897,4.18E+06,146 416.9   ,3,,,,,,,,,,,,,,
Al II ,434.6918, ,146 416.9   ,3,,,,,,,,,,,,,,
 , , , , ,,,,,,,,,,,,,,
Al II , ,4.28E+06,146 416.9   ,4,,,,,,,,,,,,,,
Al II , ,3.67E+05,146 416.9   ,3,,,,,,,,,,,,,,
Al II , ,5.58E+03,146 416.9   ,3,,,,,,,,,,,,,,
Al II , ,2.85E+05,146 416.9   ,4,,,,,,,,,,,,,,
Al II , ,4.56E+06,146 416.9   ,5,,,,,,,,,,,,,,
 , , , , ,,,,,,,,,,,,,,
Al III ,435.7562,7.40E+06,201 375.56  , 3/2 ,,,,,,,,,,,,,,
Al III , ,1.44E+06,201 375.56  , 3/2 ,,,,,,,,,,,,,,
Al III ,436.4642,8.67E+06,201 375.20  , 5/2 ,,,,,,,,,,,,,,
Al IV ,437.858, ,825 739.6   ,2,,,,,,,,,,,,,,
Al IX , ,3.32E+06,2 262 600?    , 5/2 ,,,,,,,,,,,,,,
 , , , , ,,,,,,,,,,,,,,
Al IV ,441.138, ,824 544.7   ,2,,,,,,,,,,,,,,
Al VIII , ,1.56E+04,1 507 210     , 2? ,,,,,,,,,,,,,,
Al II ,443.282, ,147 346.67  ,3,,,,,,,,,,,,,,
Al IV ,443.615, ,827 844.9   ,1,,,,,,,,,,,,,,
Al II ,444.7803, ,147 270.82  ,1,,,,,,,,,,,,,,
 , , , , ,,,,,,,,,,,,,,
Al IV ,446.885, ,825 277.9   ,1,,,,,,,,,,,,,,
Al III ,447.9892, ,189 928.49  , 7/2 ,,,,,,,,,,,,,,
Al III ,447.9968, ,189 928.68  , 9/2 ,,,,,,,,,,,,,,
Al II ,448.987, ,148 135.13  ,2,,,,,,,,,,,,,,
Al IV ,450.225, ,828 439.2   ,2,,,,,,,,,,,,,,
 , , , , ,,,,,,,,,,,,,,
Al IV ,450.374, ,824 080.0   ,3,,,,,,,,,,,,,,
Al III ,451.2564,2.09E+08,165 787.51  , 3/2 ,,,,,,,,,,,,,,
Al III ,452.8942,4.15E+07,165 787.51  , 3/2 ,,,,,,,,,,,,,,
Al III ,452.9194,2.49E+08,165 786.32  , 5/2 ,,,,,,,,,,,,,,
Al IV ,454.927, ,858 642.0   ,1,,,,,,,,,,,,,,
 , , , , ,,,,,,,,,,,,,,
Al VIII , ,2.14E+05,1 507 210     , 2? ,,,,,,,,,,,,,,
Al XII , ,7.99E+06,(15 072 157)    ,1,,,,,,,,,,,,,,
Al II ,458.5817,1.00E+07,143 283.75  ,4,,,,,,,,,,,,,,
Al II ,458.8082,1.12E+06,143 272.86  ,3,,,,,,,,,,,,,,
Al II ,458.8191,8.91E+06,143 272.86  ,3,,,,,,,,,,,,,,
 , , , , ,,,,,,,,,,,,,,
Al II , ,4.40E+04,143 265.83  ,2,,,,,,,,,,,,,,
Al II ,458.9674,1.56E+06,143 265.83  ,2,,,,,,,,,,,,,,
Al II ,458.9742,8.41E+06,143 265.83  ,2,,,,,,,,,,,,,,
Al II ,460.97, ,143 170.04  ,2,,,,,,,,,,,,,,
Al II , , ,143 166.76  ,1,,,,,,,,,,,,,,
 , , , , ,,,,,,,,,,,,,,
Al II , , ,143 165.4   ,0,,,,,,,,,,,,,,
Al IV ,462.035, ,824 544.7   ,2,,,,,,,,,,,,,,
Al IV ,462.606, ,827 844.9   ,1,,,,,,,,,,,,,,
Al II ,462.97, ,142 961.20  ,1,,,,,,,,,,,,,,
Al II ,463.15, ,147 288.0   ,1,,,,,,,,,,,,,,
 , , , , ,,,,,,,,,,,,,,
Al II ,463.32, ,147 286.65  ,2,,,,,,,,,,,,,,
Al II ,463.5763, ,147 287.10  ,3,,,,,,,,,,,,,,
Al II , ,6.66E+06,144 967.1   ,3,,,,,,,,,,,,,,
Al II , ,6.79E+06,144 967.1   ,4,,,,,,,,,,,,,,
Al II , ,5.82E+05,144 967.1   ,3,,,,,,,,,,,,,,
 , , , , ,,,,,,,,,,,,,,
Al II , ,8.88E+03,144 967.1   ,3,,,,,,,,,,,,,,
Al II , ,4.52E+05,144 967.1   ,4,,,,,,,,,,,,,,
Al II , ,7.24E+06,144 967.1   ,5,,,,,,,,,,,,,,
Al II ,464.7321, ,147 233.45  ,1,,,,,,,,,,,,,,
Al II ,464.8611, ,146 299.92  ,1,,,,,,,,,,,,,,
 , , , , ,,,,,,,,,,,,,,
Al II ,465.3, ,146 278.70  ,3,,,,,,,,,,,,,,
Al II ,465.505, ,147 344.89  ,2,,,,,,,,,,,,,,
Al II ,466.3056,5.81E+07,106 920.56  ,1,,,,,,,,,,,,,,
Al II ,466.68, ,147 290.98  ,0,,,,,,,,,,,,,,
Al VIII , ,2.32E+05,1 585 420     ,1,,,,,,,,,,,,,,
 , , , , ,,,,,,,,,,,,,,
Al VIII , ,4.64E+04,1 585 420     ,2,,,,,,,,,,,,,,
Al III ,470.1148,7.67E+06,188 878.22  , 3/2 ,,,,,,,,,,,,,,
Al III , ,3.65E+05,188 877.57  , 5/2 ,,,,,,,,,,,,,,
Al III ,470.1412,7.31E+06,188 877.57  , 5/2 ,,,,,,,,,,,,,,
Al XI , ,2.79E+07,2 726 910     , 3/2 ,,,,,,,,,,,,,,
 , , , , ,,,,,,,,,,,,,,
Al VIII , ,9.75E+05,1 507 210     , 2? ,,,,,,,,,,,,,,
Al VIII , ,1.92E+05,1 585 420     ,2,,,,,,,,,,,,,,
Al VIII , ,6.89E+04,1 585 420     ,1,,,,,,,,,,,,,,
Al VIII , ,3.07E+04,1 585 420     ,3,,,,,,,,,,,,,,
Al II ,489.852, ,146 112.14  ,1,,,,,,,,,,,,,,
 , , , , ,,,,,,,,,,,,,,
Al II ,489.876, ,146 276.0   ,2,,,,,,,,,,,,,,
Al II ,489.964, ,146 112.14  ,1,,,,,,,,,,,,,,
Al XI , ,2.49E+07,2 726 120     , 1/2 ,,,,,,,,,,,,,,
Al II ,490.277, ,146 112.14  ,1,,,,,,,,,,,,,,
Al III , ,2.34E+06,209 263.25  , 5/2 ,,,,,,,,,,,,,,
 , , , , ,,,,,,,,,,,,,,
Al III ,490.41,3.51E+07,209 263.25  , 7/2 ,,,,,,,,,,,,,,
Al III ,490.41,3.27E+07,209 263.25  , 5/2 ,,,,,,,,,,,,,,
Al II ,491.898, ,146 192.1   ,0,,,,,,,,,,,,,,
Al VIII , ,2.78E+05,1 504 780     , 1? ,,,,,,,,,,,,,,
Al II ,496.21, ,144 941.10  ,1,,,,,,,,,,,,,,
 , , , , ,,,,,,,,,,,,,,
Al II ,500.097, ,144 784.45  ,3,,,,,,,,,,,,,,
Al II ,508.502, ,141 143.05  ,4,,,,,,,,,,,,,,
Al II ,509.365, ,141 110.06  ,3,,,,,,,,,,,,,,
Al II ,510.034, ,141 084.89  ,2,,,,,,,,,,,,,,
Al I ,510.752, ,44 921.287 , 3/2 ,,,,,,,,,,,,,,
 , , , , ,,,,,,,,,,,,,,
Al I ,510.7943, ,44 919.666 , 1/2 ,,,,,,,,,,,,,,
Al VIII , ,7.51E+05,1 504 780     , 1? ,,,,,,,,,,,,,,
Al II , ,1.17E+07,142 851.6   ,3,,,,,,,,,,,,,,
Al II , ,1.03E+06,142 851.6   ,3,,,,,,,,,,,,,,
Al II , ,1.19E+07,142 851.6   ,4,,,,,,,,,,,,,,
 , , , , ,,,,,,,,,,,,,,
Al II , ,1.56E+04,142 851.6   ,3,,,,,,,,,,,,,,
Al II , ,7.96E+05,142 851.6   ,4,,,,,,,,,,,,,,
Al II , ,1.27E+07,142 851.6   ,5,,,,,,,,,,,,,,
Al III ,515.101, ,209 284.53  , 7/2 ,,,,,,,,,,,,,,
Al III ,515.101, ,209 284.53  , 9/2 ,,,,,,,,,,,,,,
 , , , , ,,,,,,,,,,,,,,
Al II , ,1.26E+07,142 851.6   ,4,,,,,,,,,,,,,,
Al III ,516.389, ,209 288.46  , 9/2 ,,,,,,,,,,,,,,
Al III ,516.389, ,209 288.46  , 11/2 ,,,,,,,,,,,,,,
Al XI , ,4.11E+06,2 088 100     , 3/2 ,,,,,,,,,,,,,,
Al III ,517.06, ,209 263.25  , 5/2 ,,,,,,,,,,,,,,
 , , , , ,,,,,,,,,,,,,,
Al III ,517.06, ,209 263.25  , 7/2 ,,,,,,,,,,,,,,
Al IX , ,1.73E-01,1 661 320     , 5/2 ,,,,,,,,,,,,,,
Al III ,526.011,1.32E+05,208 881.83  , 5/2 ,,,,,,,,,,,,,,
Al III ,526.011,2.77E+06,208 881.83  , 3/2 ,,,,,,,,,,,,,,
Al III , ,2.64E+06,208 881.83  , 5/2 ,,,,,,,,,,,,,,
 , , , , ,,,,,,,,,,,,,,
Al II ,527.642, ,142 365.54  ,1,,,,,,,,,,,,,,
Al II ,527.681, ,142 365.69  ,2,,,,,,,,,,,,,,
Al II ,527.768, ,142 365.98  ,3,,,,,,,,,,,,,,
Al II ,527.862,1.11E+06,144 642.0   ,1,,,,,,,,,,,,,,
Al IX , ,1.97E+00,1 661 320     , 5/2 ,,,,,,,,,,,,,,
 , , , , ,,,,,,,,,,,,,,
Al II ,528.0214,1.49E+06,144 642.18  ,2,,,,,,,,,,,,,,
Al II , ,8.32E+05,144 642.0   ,1,,,,,,,,,,,,,,
Al II ,528.3735,2.00E+06,144 642.45  ,3,,,,,,,,,,,,,,
Al II , ,4.99E+05,144 642.18  ,2,,,,,,,,,,,,,,
Al II , ,5.53E+04,144 642.0   ,1,,,,,,,,,,,,,,
 , , , , ,,,,,,,,,,,,,,
Al II ,528.5842,3.28E+06,144 782.23  ,2,,,,,,,,,,,,,,
Al II ,531.076, ,144 527.35  ,1,,,,,,,,,,,,,,
Al II ,531.232, ,144 527.35  ,1,,,,,,,,,,,,,,
Al II ,531.6075, ,144 527.35  ,1,,,,,,,,,,,,,,
Al II ,532.461, ,144 644.14  ,0,,,,,,,,,,,,,,
 , , , , ,,,,,,,,,,,,,,
Al VI , ,1.17E+06,1 293 290     ,3,,,,,,,,,,,,,,
Al VI , ,9.32E+06,1 293 290     ,3,,,,,,,,,,,,,,
Al VIII , ,1.84E+05,1 585 420     ,3,,,,,,,,,,,,,,
Al VIII , ,3.23E+04,1 585 420     ,2,,,,,,,,,,,,,,
Al II ,537.184, ,140 095.7   ,2,,,,,,,,,,,,,,
 , , , , ,,,,,,,,,,,,,,
Al II ,537.184, ,140 091.9   ,1,,,,,,,,,,,,,,
Al II ,538.848,1.43E+06,139 918.98  ,1,,,,,,,,,,,,,,
Al III , ,1.26E+06,213 737.44  , 3/2 ,,,,,,,,,,,,,,
Al III , ,2.44E+05,213 737.44  , 3/2 ,,,,,,,,,,,,,,
Al III , ,1.47E+06,213 737.44  , 5/2 ,,,,,,,,,,,,,,
 , , , , ,,,,,,,,,,,,,,
Al XI , ,3.99E+06,2 088 530     , 5/2 ,,,,,,,,,,,,,,
Al I ,555.7063,2.30E+05,43 337.889 , 3/2 ,,,,,,,,,,,,,,
Al I ,555.7948,2.29E+05,43 335.024 , 1/2 ,,,,,,,,,,,,,,
Al II ,559.3302,9.26E+07,124 794.13  ,2,,,,,,,,,,,,,,
Al II ,561.3291,3.43E+06,142 604.05  ,3,,,,,,,,,,,,,,
 , , , , ,,,,,,,,,,,,,,
Al XII , ,1.77E+06,(15 066 998)    ,1,,,,,,,,,,,,,,
Al XI , ,6.18E+05,2 088 100     , 3/2 ,,,,,,,,,,,,,,
Al III ,569.6603,8.77E+07,143 713.50  , 3/2 ,,,,,,,,,,,,,,
Al III ,572.2728,8.65E+07,143 633.38  , 1/2 ,,,,,,,,,,,,,,
Al XII , ,2.25E+06,(15 067 044)    ,2,,,,,,,,,,,,,,
 , , , , ,,,,,,,,,,,,,,
Al XII , ,1.25E+06,(15 066 998)    ,1,,,,,,,,,,,,,,
Al II ,585.362,1.28E+07,138 561.8   ,4,,,,,,,,,,,,,,
Al II ,586.153,1.14E+07,138 538.9   ,3,,,,,,,,,,,,,,
Al II , ,1.43E+06,138 538.9   ,3,,,,,,,,,,,,,,
Al II , ,5.61E+04,138 521.4   ,2,,,,,,,,,,,,,,
 , , , , ,,,,,,,,,,,,,,
Al II , ,1.99E+06,138 521.4   ,2,,,,,,,,,,,,,,
Al II ,586.781,1.07E+07,138 521.4   ,2,,,,,,,,,,,,,,
Al II ,597.198,5.81E+06,142 609.27  ,2,,,,,,,,,,,,,,
Al II ,599.97, ,142 365.54  ,1,,,,,,,,,,,,,,
Al II ,599.975,2.07E+06,142 365.54  ,1,,,,,,,,,,,,,,
 , , , , ,,,,,,,,,,,,,,
Al II ,599.983, ,142 365.54  ,1,,,,,,,,,,,,,,
Al II ,600.118, ,149 437.17  ,1,,,,,,,,,,,,,,
Al II ,600.176,2.79E+06,142 365.69  ,2,,,,,,,,,,,,,,
Al II ,600.188,1.55E+06,142 365.54  ,1,,,,,,,,,,,,,,
Al II ,600.641,3.71E+06,142 365.98  ,3,,,,,,,,,,,,,,
 , , , , ,,,,,,,,,,,,,,
Al II , ,9.28E+05,142 365.69  ,2,,,,,,,,,,,,,,
Al II , ,1.03E+05,142 365.54  ,1,,,,,,,,,,,,,,
Al VIII , ,1.44E+05,1 507 210     , 2? ,,,,,,,,,,,,,,
Al III ,605.521,8.59E+06,205 387.77  , 3/2 ,,,,,,,,,,,,,,
Al III , ,9.54E+05,205 387.77  , 3/2 ,,,,,,,,,,,,,,
 , , , , ,,,,,,,,,,,,,,
Al III ,605.984,9.46E+06,205 375.74  , 1/2 ,,,,,,,,,,,,,,
Al II ,606.1124,8.38E+06,142 363.06  ,0,,,,,,,,,,,,,,
Al II ,606.632, ,142 182.94  ,1,,,,,,,,,,,,,,
Al II ,606.637,8.88E+05,142 182.94  ,1,,,,,,,,,,,,,,
Al II ,606.644, ,142 182.94  ,1,,,,,,,,,,,,,,
 , , , , ,,,,,,,,,,,,,,
Al II ,606.843, ,142 182.94  ,1,,,,,,,,,,,,,,
Al II ,606.847,2.66E+06,142 182.94  ,1,,,,,,,,,,,,,,
Al II ,606.853, ,142 182.94  ,1,,,,,,,,,,,,,,
Al II ,607.3198,4.43E+06,142 182.94  ,1,,,,,,,,,,,,,,
Al XII , ,2.54E+06,(15 067 605)    ,3,,,,,,,,,,,,,,
 , , , , ,,,,,,,,,,,,,,
Al VI , ,1.18E+03,986 706     ,2,,,,,,,,,,,,,,
Al VI , ,2.99E+03,986 643     ,1,,,,,,,,,,,,,,
Al IX , ,6.74E+01,1 658 320     , 3/2 ,,,,,,,,,,,,,,
Al II ,618.157, ,139 591.1   ,3,,,,,,,,,,,,,,
Al II ,618.163,2.41E+07,139 591.1   ,3,,,,,,,,,,,,,,
 , , , , ,,,,,,,,,,,,,,
Al II ,618.168, ,139 591.1   ,3,,,,,,,,,,,,,,
Al II , ,2.09E+06,139 591.1   ,3,,,,,,,,,,,,,,
Al II , ,2.44E+07,139 591.1   ,4,,,,,,,,,,,,,,
Al II , ,3.21E+04,139 591.1   ,3,,,,,,,,,,,,,,
Al II , ,1.63E+06,139 591.1   ,4,,,,,,,,,,,,,,
 , , , , ,,,,,,,,,,,,,,
Al II , ,2.61E+07,139 591.1   ,5,,,,,,,,,,,,,,
Al II , ,2.59E+07,139 591.1   ,4,,,,,,,,,,,,,,
Al II ,622.618,6.25E+07,121 484.252 ,1,,,,,,,,,,,,,,
Al II , ,4.67E+07,121 484.252 ,1,,,,,,,,,,,,,,
Al II ,623.1745,8.40E+07,121 483.92  ,2,,,,,,,,,,,,,,
 , , , , ,,,,,,,,,,,,,,
Al II , ,3.11E+06,121 484.252 ,1,,,,,,,,,,,,,,
Al II , ,2.79E+07,121 483.92  ,2,,,,,,,,,,,,,,
Al II ,624.336,1.11E+08,121 483.50  ,3,,,,,,,,,,,,,,
Al IX , ,6.71E+02,1 658 320     , 3/2 ,,,,,,,,,,,,,,
Al XII , ,5.72E+05,(15 067 044)    ,2,,,,,,,,,,,,,,
 , , , , ,,,,,,,,,,,,,,
Al III , ,6.28E+05,217 239.31  , 5/2 ,,,,,,,,,,,,,,
Al III ,630.185,9.42E+06,217 239.31  , 7/2 ,,,,,,,,,,,,,,
Al III ,630.185,8.79E+06,217 239.31  , 5/2 ,,,,,,,,,,,,,,
Al XII , ,6.30E+04,(15 066 998)    ,1,,,,,,,,,,,,,,
Al II , ,2.16E+05,139 289.15  ,2,,,,,,,,,,,,,,
 , , , , ,,,,,,,,,,,,,,
Al II ,633.5701,1.53E+07,125 869.015 ,1,,,,,,,,,,,,,,
Al VIII , ,1.58E+06,1 847 470?    ,3,,,,,,,,,,,,,,
Al VIII , ,1.37E+05,1 847 470?    ,3,,,,,,,,,,,,,,
Al VIII , ,3.85E+03,1 847 470?    ,3,,,,,,,,,,,,,,
Al VIII , ,3.99E+04,1 507 210     , 2? ,,,,,,,,,,,,,,
 , , , , ,,,,,,,,,,,,,,
Al VI , ,7.93E+05,1 308 870?    ,2,,,,,,,,,,,,,,
Al II , ,2.16E+03,138 815.12  ,3,,,,,,,,,,,,,,
Al II , ,1.07E+05,138 814.87  ,2,,,,,,,,,,,,,,
Al II , ,9.59E+05,138 814.87  ,1,,,,,,,,,,,,,,
Al II , ,7.64E+04,138 815.12  ,3,,,,,,,,,,,,,,
 , , , , ,,,,,,,,,,,,,,
Al II , ,8.52E+05,138 814.87  ,2,,,,,,,,,,,,,,
Al II ,649.545,8.80E+05,138 815.12  ,3,,,,,,,,,,,,,,
Al III ,654.312, ,217 250.17  , 9/2 ,,,,,,,,,,,,,,
Al III ,654.312, ,217 250.17  , 7/2 ,,,,,,,,,,,,,,
Al III ,654.312, ,217 250.17  , 7/2 ,,,,,,,,,,,,,,
 , , , , ,,,,,,,,,,,,,,
Al III ,655.618, ,217 252.15  , 9/2 ,,,,,,,,,,,,,,
Al III ,655.618, ,217 252.15  , 9/2 ,,,,,,,,,,,,,,
Al III ,655.618, ,217 252.15  , 11/2 ,,,,,,,,,,,,,,
Al II ,660.964,2.20E+06,139 918.98  ,1,,,,,,,,,,,,,,
Al I ,669.6015,1.00E+06,40 277.883 , 3/2 ,,,,,,,,,,,,,,
 , , , , ,,,,,,,,,,,,,,
Al II ,669.639,2.74E+05,135 022.127 ,2,,,,,,,,,,,,,,
Al I ,669.8673,1.00E+06,40 271.978 , 1/2 ,,,,,,,,,,,,,,
Al II ,669.946,2.73E+05,135 015.701 ,1,,,,,,,,,,,,,,
Al II , ,2.74E+05,135 012.285 ,0,,,,,,,,,,,,,,
Al II , , ,147 574.4   ,2,,,,,,,,,,,,,,
 , , , , ,,,,,,,,,,,,,,
Al I ,678.52, ,[47 172.77] , 7/2 ,,,,,,,,,,,,,,
Al II ,681.669,1.20E+07,120 092.919 ,1,,,,,,,,,,,,,,
Al II ,682.348,3.59E+07,120 092.919 ,1,,,,,,,,,,,,,,
Al II ,683.714,5.94E+07,120 092.919 ,1,,,,,,,,,,,,,,
Al IX , ,2.01E+02,1 656 680?    , 1/2 ,,,,,,,,,,,,,,
 , , , , ,,,,,,,,,,,,,,
Al I , ,1.08E+06,[46 912.38] , 5/2 ,,,,,,,,,,,,,,
Al I , ,7.69E+04,[46 912.38] , 5/2 ,,,,,,,,,,,,,,
Al I ,690.64,1.15E+06,[46 912.38] , 7/2 ,,,,,,,,,,,,,,
Al II ,691.793,9.90E+06,139 245.343 ,3,,,,,,,,,,,,,,
Al II ,691.996,1.00E+08,121 366.725 ,0,,,,,,,,,,,,,,
 , , , , ,,,,,,,,,,,,,,
Al VIII , ,1.17E+06,1 846 150?    ,2,,,,,,,,,,,,,,
Al VIII , ,1.48E+05,1 846 150?    ,2,,,,,,,,,,,,,,
Al III , ,7.72E+06,209 869.89  , 1/2 ,,,,,,,,,,,,,,
Al II , ,2.15E+05,125 869.015 ,1,,,,,,,,,,,,,,
Al III , ,1.54E+07,209 869.89  , 1/2 ,,,,,,,,,,,,,,
 , , , , ,,,,,,,,,,,,,,
Al VIII , ,4.96E+04,1 504 780     , 1? ,,,,,,,,,,,,,,
Al II ,704.206,5.78E+07,105 470.93  ,2,,,,,,,,,,,,,,
Al II ,705.66,5.74E+07,105 441.50  ,1,,,,,,,,,,,,,,
Al II ,706.364,5.73E+07,105 427.52  ,0,,,,,,,,,,,,,,
Al I ,708.3968,1.54E+06,46 547.942 , 5/2 ,,,,,,,,,,,,,,
 , , , , ,,,,,,,,,,,,,,
Al I , ,1.10E+05,46 547.942 , 5/2 ,,,,,,,,,,,,,,
Al I ,708.4644,1.65E+06,46 547.942 , 7/2 ,,,,,,,,,,,,,,
Al II , ,2.59E+06,147 453.4   ,3,,,,,,,,,,,,,,
Al II , ,2.27E+05,147 453.4   ,3,,,,,,,,,,,,,,
Al II , ,2.64E+06,147 453.4   ,4,,,,,,,,,,,,,,
 , , , , ,,,,,,,,,,,,,,
Al II , ,3.45E+03,147 453.4   ,3,,,,,,,,,,,,,,
Al II , ,1.75E+05,147 453.4   ,4,,,,,,,,,,,,,,
Al II , ,2.81E+06,147 453.4   ,5,,,,,,,,,,,,,,
Al III , ,3.40E+04,205 387.77  , 3/2 ,,,,,,,,,,,,,,
Al III , ,4.38E+04,205 375.74  , 1/2 ,,,,,,,,,,,,,,
 , , , , ,,,,,,,,,,,,,,
Al II , ,2.68E+06,147 453.4   ,4,,,,,,,,,,,,,,
Al II , ,1.50E+05,145 961.54  ,2,,,,,,,,,,,,,,
Al II , ,2.56E+06,146 502.47  ,4,,,,,,,,,,,,,,
Al II , ,2.27E+06,146 500.99  ,3,,,,,,,,,,,,,,
Al II , ,2.85E+05,146 500.99  ,3,,,,,,,,,,,,,,
 , , , , ,,,,,,,,,,,,,,
Al II , ,3.99E+05,146 499.90  ,2,,,,,,,,,,,,,,
Al II , ,1.12E+04,146 499.90  ,2,,,,,,,,,,,,,,
Al II , ,2.15E+06,146 499.90  ,2,,,,,,,,,,,,,,
Al I , ,3.66E+05,46 593.32  , 3/2 ,,,,,,,,,,,,,,
Al I , ,4.37E+05,46 593.95  , 5/2 ,,,,,,,,,,,,,,
 , , , , ,,,,,,,,,,,,,,
Al I , ,7.28E+04,46 593.32  , 3/2 ,,,,,,,,,,,,,,
Al II , ,1.46E+05,145 834.70  ,1,,,,,,,,,,,,,,
Al I ,736.1568,2.32E+06,46 015.774 , 5/2 ,,,,,,,,,,,,,,
Al I , ,1.66E+05,46 015.774 , 5/2 ,,,,,,,,,,,,,,
Al I ,736.2297,2.49E+06,46 015.774 , 7/2 ,,,,,,,,,,,,,,
 , , , , ,,,,,,,,,,,,,,
Al II , ,1.44E+05,145 776.15  ,0,,,,,,,,,,,,,,
Al II , ,4.80E+05,134 919.40  ,1,,,,,,,,,,,,,,
Al II , ,1.06E+06,135 022.127 ,2,,,,,,,,,,,,,,
Al II , ,1.88E+05,135 022.127 ,2,,,,,,,,,,,,,,
Al II , ,1.25E+04,135 022.127 ,2,,,,,,,,,,,,,,
 , , , , ,,,,,,,,,,,,,,
Al II , ,9.40E+05,135 015.701 ,1,,,,,,,,,,,,,,
Al II , ,3.14E+05,135 015.701 ,1,,,,,,,,,,,,,,
Al II , ,1.25E+06,135 012.285 ,0,,,,,,,,,,,,,,
Al II ,744.942,1.16E+07,139 289.15  ,2,,,,,,,,,,,,,,
Al II ,747.141,5.57E+07,123 470.5   ,3,,,,,,,,,,,,,,
 , , , , ,,,,,,,,,,,,,,
Al III , ,3.63E+06,208 881.83  , 3/2 ,,,,,,,,,,,,,,
Al III , ,7.10E+05,208 881.83  , 3/2 ,,,,,,,,,,,,,,
Al III , ,4.26E+06,208 881.83  , 5/2 ,,,,,,,,,,,,,,
Al I ,755.4162, ,46 183.895 , 1/2 ,,,,,,,,,,,,,,
Al VIII , ,2.41E+04,1 504 780     , 1? ,,,,,,,,,,,,,,
 , , , , ,,,,,,,,,,,,,,
Al I ,756.3214, ,46 183.895 , 1/2 ,,,,,,,,,,,,,,
Al I ,760.6159,4.36E+05,46 093.424 , 3/2 ,,,,,,,,,,,,,,
Al II , ,3.09E+04,145 961.54  ,2,,,,,,,,,,,,,,
Al II , ,1.72E+05,145 961.54  ,2,,,,,,,,,,,,,,
Al II , ,2.05E+03,145 961.54  ,2,,,,,,,,,,,,,,
 , , , , ,,,,,,,,,,,,,,
Al I ,761.482,5.20E+05,46 094.312 , 5/2 ,,,,,,,,,,,,,,
Al I ,761.5339,8.68E+04,46 093.424 , 3/2 ,,,,,,,,,,,,,,
Al II ,762.448,4.59E+06,138 814.87  ,1,,,,,,,,,,,,,,
Al II ,762.785,6.20E+06,138 814.87  ,2,,,,,,,,,,,,,,
Al II , ,3.45E+06,138 814.87  ,1,,,,,,,,,,,,,,
 , , , , ,,,,,,,,,,,,,,
Al III , ,3.55E+06,201 971.16  , 5/2 ,,,,,,,,,,,,,,
Al II ,763.533,8.25E+06,138 815.12  ,3,,,,,,,,,,,,,,
Al III ,763.537,5.33E+07,201 971.16  , 7/2 ,,,,,,,,,,,,,,
Al III ,763.537,4.97E+07,201 971.16  , 5/2 ,,,,,,,,,,,,,,
Al II , ,2.29E+05,138 814.87  ,1,,,,,,,,,,,,,,
 , , , , ,,,,,,,,,,,,,,
Al II , ,2.06E+06,138 814.87  ,2,,,,,,,,,,,,,,
Al III ,766.0259,3.80E+07,191 484.23  , 1/2 ,,,,,,,,,,,,,,
Al III ,768.1971,7.60E+07,191 484.23  , 1/2 ,,,,,,,,,,,,,,
Al II , ,1.50E+05,145 834.70  ,1,,,,,,,,,,,,,,
Al II , ,4.99E+04,145 834.70  ,1,,,,,,,,,,,,,,
 , , , , ,,,,,,,,,,,,,,
Al II , ,3.68E+06,146 416.9   ,3,,,,,,,,,,,,,,
Al II , ,3.22E+05,146 416.9   ,3,,,,,,,,,,,,,,
Al II , ,3.75E+06,146 416.9   ,4,,,,,,,,,,,,,,
Al II , ,4.90E+03,146 416.9   ,3,,,,,,,,,,,,,,
Al II , ,2.50E+05,146 416.9   ,4,,,,,,,,,,,,,,
 , , , , ,,,,,,,,,,,,,,
Al II , ,4.00E+06,146 416.9   ,5,,,,,,,,,,,,,,
Al II , ,1.97E+05,145 776.15  ,0,,,,,,,,,,,,,,
Al II , ,1.43E+07,138 800.60  ,0,,,,,,,,,,,,,,
Al II ,781.231,1.55E+06,138 499.89  ,1,,,,,,,,,,,,,,
Al II ,781.583,4.64E+06,138 499.89  ,1,,,,,,,,,,,,,,
 , , , , ,,,,,,,,,,,,,,
Al II ,782.372,7.70E+06,138 499.89  ,1,,,,,,,,,,,,,,
Al I ,783.5309,3.71E+06,45 194.681 , 5/2 ,,,,,,,,,,,,,,
Al I ,783.6134,2.65E+05,45 194.681 , 5/2 ,,,,,,,,,,,,,,
Al I ,783.6134,3.97E+06,45 194.681 , 7/2 ,,,,,,,,,,,,,,
Al III ,788.179,5.53E+07,178 470.32  , 3/2 ,,,,,,,,,,,,,,
 , , , , ,,,,,,,,,,,,,,
Al III ,788.2516,6.14E+06,178 470.32  , 3/2 ,,,,,,,,,,,,,,
Al VIII , ,2.82E+04,1 504 780     , 1? ,,,,,,,,,,,,,,
Al XII , ,5.08E+06,(15 829 467)    ,2,,,,,,,,,,,,,,
Al III ,790.5513,6.12E+07,178 433.43  , 1/2 ,,,,,,,,,,,,,,
Al III , ,8.82E+05,213 995.48  , 5/2 ,,,,,,,,,,,,,,
 , , , , ,,,,,,,,,,,,,,
Al III ,792.166,1.32E+07,213 995.48  , 7/2 ,,,,,,,,,,,,,,
Al III ,792.166,1.23E+07,213 995.48  , 5/2 ,,,,,,,,,,,,,,
Al I ,799.3048, ,45 457.244 , 1/2 ,,,,,,,,,,,,,,
Al I ,800.3186, ,45 457.244 , 1/2 ,,,,,,,,,,,,,,
Al I ,806.5968,4.42E+05,45 344.165 , 3/2 ,,,,,,,,,,,,,,
 , , , , ,,,,,,,,,,,,,,
Al I ,807.5353,5.28E+05,45 345.594 , 5/2 ,,,,,,,,,,,,,,
Al I ,807.6289,8.81E+04,45 344.165 , 3/2 ,,,,,,,,,,,,,,
Al II ,808.691,2.02E+06,146 278.70  ,3,,,,,,,,,,,,,,
Al II ,811.972,2.91E+06,145 135.31  ,4,,,,,,,,,,,,,,
Al II , ,3.24E+05,145 131.93  ,3,,,,,,,,,,,,,,
 , , , , ,,,,,,,,,,,,,,
Al II ,812.189, ,145 131.93  ,3,,,,,,,,,,,,,,
Al II ,812.203,2.58E+06,145 131.93  ,3,,,,,,,,,,,,,,
Al II ,812.208, ,145 131.93  ,3,,,,,,,,,,,,,,
Al II ,812.352,4.54E+05,145 129.51  ,2,,,,,,,,,,,,,,
Al II ,812.352,1.28E+04,145 129.51  ,2,,,,,,,,,,,,,,
 , , , , ,,,,,,,,,,,,,,
Al II ,812.352,2.44E+06,145 129.51  ,2,,,,,,,,,,,,,,
Al III ,824.359, ,202 003.58  , 7/2 ,,,,,,,,,,,,,,
Al III ,824.359, ,202 003.58  , 9/2 ,,,,,,,,,,,,,,
Al III ,827.511, ,202 009.71  , 9/2 ,,,,,,,,,,,,,,
Al III ,827.511, ,202 009.71  , 11/2 ,,,,,,,,,,,,,,
 , , , , ,,,,,,,,,,,,,,
Al III ,830.162, ,201 971.16  , 7/2 ,,,,,,,,,,,,,,
Al III ,830.402, ,214 010.22  , 7/2 ,,,,,,,,,,,,,,
Al III ,830.402, ,214 010.22  , 7/2 ,,,,,,,,,,,,,,
Al III ,830.402, ,214 010.22  , 9/2 ,,,,,,,,,,,,,,
Al XII , ,4.36E+06,(15 828 827)    ,1,,,,,,,,,,,,,,
 , , , , ,,,,,,,,,,,,,,
Al III ,832.456, ,214 012.93  , 11/2 ,,,,,,,,,,,,,,
Al III ,832.456, ,214 012.93  , 9/2 ,,,,,,,,,,,,,,
Al III ,832.456, ,214 012.93  , 9/2 ,,,,,,,,,,,,,,
Al II ,835.4318,4.27E+07,133 450.07  ,4,,,,,,,,,,,,,,
Al II ,835.923,4.75E+06,133 443.08  ,3,,,,,,,,,,,,,,
 , , , , ,,,,,,,,,,,,,,
Al II ,835.9492,3.79E+07,133 443.08  ,3,,,,,,,,,,,,,,
Al II , ,1.87E+05,133 437.71  ,2,,,,,,,,,,,,,,
Al II ,836.3251,6.64E+06,133 437.71  ,2,,,,,,,,,,,,,,
Al II ,836.3469,3.58E+07,133 437.71  ,2,,,,,,,,,,,,,,
Al XII , ,4.17E+06,(15 828 659)    ,0,,,,,,,,,,,,,,
 , , , , ,,,,,,,,,,,,,,
Al III , ,1.80E+06,213 737.44  , 5/2 ,,,,,,,,,,,,,,
Al III , ,1.89E+06,213 737.44  , 3/2 ,,,,,,,,,,,,,,
Al III , ,8.99E+04,213 737.44  , 5/2 ,,,,,,,,,,,,,,
Al II ,864.0705,3.00E+07,106 920.56  ,1,,,,,,,,,,,,,,
Al II ,867.106, ,144 967.1   ,3,,,,,,,,,,,,,,
 , , , , ,,,,,,,,,,,,,,
Al II ,867.121,5.52E+06,144 967.1   ,3,,,,,,,,,,,,,,
Al II ,867.128, ,144 967.1   ,3,,,,,,,,,,,,,,
Al II , ,4.83E+05,144 967.1   ,3,,,,,,,,,,,,,,
Al II , ,5.62E+06,144 967.1   ,4,,,,,,,,,,,,,,
Al II , ,7.34E+03,144 967.1   ,3,,,,,,,,,,,,,,
 , , , , ,,,,,,,,,,,,,,
Al II , ,3.75E+05,144 967.1   ,4,,,,,,,,,,,,,,
Al II , ,5.99E+06,144 967.1   ,5,,,,,,,,,,,,,,
Al III , ,5.66E+06,201 375.56  , 3/2 ,,,,,,,,,,,,,,
Al III ,869.398,2.69E+05,201 375.20  , 5/2 ,,,,,,,,,,,,,,
Al III ,869.398,5.39E+06,201 375.20  , 5/2 ,,,,,,,,,,,,,,
 , , , , ,,,,,,,,,,,,,,
Al I ,877.2866,6.47E+06,43 831.101 , 5/2 ,,,,,,,,,,,,,,
Al I ,877.3896,6.95E+06,43 831.105 , 7/2 ,,,,,,,,,,,,,,
Al I ,877.3896,4.62E+05,43 831.101 , 5/2 ,,,,,,,,,,,,,,
Al II , ,1.65E+06,146 276.0   ,2,,,,,,,,,,,,,,
Al I ,882.8909,6.72E+05,44 273.133 , 1/2 ,,,,,,,,,,,,,,
 , , , , ,,,,,,,,,,,,,,
Al I ,884.1277,1.34E+06,44 273.133 , 1/2 ,,,,,,,,,,,,,,
Al I ,891.29,2.28E+05,44 166.398 , 3/2 ,,,,,,,,,,,,,,
Al II , ,6.16E+02,144 642.45  ,3,,,,,,,,,,,,,,
Al II , ,3.07E+04,144 642.18  ,2,,,,,,,,,,,,,,
Al II , ,2.75E+05,144 642.0   ,1,,,,,,,,,,,,,,
 , , , , ,,,,,,,,,,,,,,
Al I ,892.3555,2.73E+05,44 168.847 , 5/2 ,,,,,,,,,,,,,,
Al I ,892.5504,4.54E+04,44 166.398 , 3/2 ,,,,,,,,,,,,,,
Al II , ,2.19E+04,144 642.45  ,3,,,,,,,,,,,,,,
Al II , ,2.45E+05,144 642.18  ,2,,,,,,,,,,,,,,
Al II , ,2.52E+05,144 642.45  ,3,,,,,,,,,,,,,,
 , , , , ,,,,,,,,,,,,,,
Al II , ,5.58E+05,146 188.5   ,1,,,,,,,,,,,,,,
Al II , ,4.18E+05,146 188.5   ,1,,,,,,,,,,,,,,
Al II , ,7.54E+05,146 188.5   ,2,,,,,,,,,,,,,,
Al II , ,1.00E+06,146 188.9   ,3,,,,,,,,,,,,,,
Al II , ,2.79E+04,146 188.5   ,1,,,,,,,,,,,,,,
 , , , , ,,,,,,,,,,,,,,
Al II , ,2.50E+05,146 188.5   ,2,,,,,,,,,,,,,,
,,,,,,,,,,,,,,,,,,
,,,,,,,,,,,,,,,,,,
,,,,,,,,,,,,,,,,,,
,,,,,,,,,,,,,,,,,,
,,,,,,,,,,,,,,,,,,
,,,,,,,,,,,,,,,,,,
,,,,,,,,,,,,,,,,,,
,,,,,,,,,,,,,,,,,,
,,,,,,,,,,,,,,,,,,
,,,,,,,,,,,,,,,,,,
,,,,,,,,,,,,,,,,,,
,,,,,,,,,,,,,,,,,,
,,,,,,,,,,,,,,,,,,
,,,,,,,,,,,,,,,,,,
,,,,,,,,,,,,,,,,,,
,,,,,,,,,,,,,,,,,,
,,,,,,,,,,,,,,,,,,
,,,,,,,,,,,,,,,,,,
,,,,,,,,,,,,,,,,,,
,,,,,,,,,,,,,,,,,,
,,,,,,,,,,,,,,,,,,
,,,,,,,,,,,,,,,,,,
,,,,,,,,,,,,,,,,,,
,,,,,,,,,,,,,,,,,,
,,,,,,,,,,,,,,,,,,
,,,,,,,,,,,,,,,,,,
