Ion, Observed , Aki, Ek ,J,,,,,,,,,,,,,,,
Na VII , ,4.98E+06,1 442 710       , 1/2 ,,,,,,,,,,,,,,,
Na III ,200.4215,2.07E+08,466 788.03    , 3/2 ,,,,,,,,,,,,,,,
Na III ,200.5217,9.67E+07,417 403.98    , 3/2 ,,,,,,,,,,,,,,,
Na III ,200.5546,1.50E+08,465 017.83    , 3/2 ,,,,,,,,,,,,,,,
Na IV , ,3.12E+08,646 419.6     ,3,,,,,,,,,,,,,,,
 , , , , ,,,,,,,,,,,,,,,
Na VII , ,1.06E+08,1 303 610       , 5/2 ,,,,,,,,,,,,,,,
Na III , ,1.93E+06,464 077.16    , 3/2 ,,,,,,,,,,,,,,,
Na III ,200.847,1.45E+08,464 945.37    , 5/2 ,,,,,,,,,,,,,,,
Na III ,200.9328, ,515 764.23    , 3/2 ,,,,,,,,,,,,,,,
Na II ,200.9567, , ,  ,,,,,,,,,,,,,,,
 , , , , ,,,,,,,,,,,,,,,
Na II ,201.0093, , ,  ,,,,,,,,,,,,,,,
Na III ,201.1865,6.37E+08,463 970.92    , 7/2 ,,,,,,,,,,,,,,,
Na VII , ,1.74E+07,1 303 450?      , 3/2 ,,,,,,,,,,,,,,,
Na III ,201.4169,4.88E+08,495 429.75    , 5/2 ,,,,,,,,,,,,,,,
Na III ,201.7024,5.44E+08,495 435.20    , 7/2 ,,,,,,,,,,,,,,,
 , , , , ,,,,,,,,,,,,,,,
Na II ,201.7137, , ,  ,,,,,,,,,,,,,,,
Na III ,201.723,4.31E+07,495 429.75    , 5/2 ,,,,,,,,,,,,,,,
Na IV ,201.8137,3.45E+08,536 184.9     ,0,,,,,,,,,,,,,,,
Na IV ,201.8384,3.44E+08,536 178.8     ,2,,,,,,,,,,,,,,,
Na II ,201.8409, , ,  ,,,,,,,,,,,,,,,
 , , , , ,,,,,,,,,,,,,,,
Na IV ,201.9188,3.44E+08,536 159.1     ,1,,,,,,,,,,,,,,,
Na II ,201.9219, , ,  ,,,,,,,,,,,,,,,
Na III , ,2.97E+07,464 631.29    , 3/2 ,,,,,,,,,,,,,,,
Na III ,202.2295,4.62E+07,460 409.70    , 5/2 ,,,,,,,,,,,,,,,
Na III ,202.3225,3.29E+07,463 691.90    , 5/2 ,,,,,,,,,,,,,,,
 , , , , ,,,,,,,,,,,,,,,
Na III , ,9.33E+05,466 788.03    , 3/2 ,,,,,,,,,,,,,,,
Na III ,202.8553,1.93E+08,460 257.21    , 7/2 ,,,,,,,,,,,,,,,
Na III , ,6.48E+05,464 411.94    , 1/2 ,,,,,,,,,,,,,,,
Na III ,203.1128,3.08E+08,464 390.17    , 5/2 ,,,,,,,,,,,,,,,
Na III ,203.5897,6.23E+08,466 011.91    , 1/2 ,,,,,,,,,,,,,,,
 , , , , ,,,,,,,,,,,,,,,
Na III ,203.7776,6.73E+07,460 593.62    , 3/2 ,,,,,,,,,,,,,,,
Na III ,204.1661,1.64E+08,463 245.76    , 7/2 ,,,,,,,,,,,,,,,
Na III ,204.329,4.02E+08,448 107.31    , 1/2 ,,,,,,,,,,,,,,,
Na III , ,1.05E+07,464 077.16    , 3/2 ,,,,,,,,,,,,,,,
Na III ,204.4823,4.00E+08,494 685.86    , 3/2 ,,,,,,,,,,,,,,,
 , , , , ,,,,,,,,,,,,,,,
Na III ,204.5443,1.05E+08,460 409.70    , 5/2 ,,,,,,,,,,,,,,,
Na III ,204.797,4.69E+07,494 685.86    , 3/2 ,,,,,,,,,,,,,,,
Na III ,204.8313,6.54E+07,494 602.73    , 5/2 ,,,,,,,,,,,,,,,
Na III ,204.8719,8.11E+07,460 746.98    , 1/2 ,,,,,,,,,,,,,,,
Na II ,205.0877, , ,  ,,,,,,,,,,,,,,,
 , , , , ,,,,,,,,,,,,,,,
Na III ,205.1484,4.36E+08,494 602.73    , 5/2 ,,,,,,,,,,,,,,,
Na III ,205.1845,1.37E+07,460 257.21    , 7/2 ,,,,,,,,,,,,,,,
Na III ,205.5183,6.39E+07,460 593.62    , 3/2 ,,,,,,,,,,,,,,,
Na III , ,1.69E+06,466 011.91    , 1/2 ,,,,,,,,,,,,,,,
Na III ,205.873,6.95E+07,460 746.98    , 1/2 ,,,,,,,,,,,,,,,
 , , , , ,,,,,,,,,,,,,,,
Na II ,205.9617, , ,  ,,,,,,,,,,,,,,,
Na III ,206.036,8.12E+07,463 691.90    , 5/2 ,,,,,,,,,,,,,,,
Na III ,206.299,2.21E+07,460 409.70    , 5/2 ,,,,,,,,,,,,,,,
Na VIII , ,2.03E+08,1 474 580       ,2,,,,,,,,,,,,,,,
Na VII , ,1.81E+04,1 464 050       , 5/2 ,,,,,,,,,,,,,,,
 , , , , ,,,,,,,,,,,,,,,
Na VII , ,2.55E+05,1 464 050       , 5/2 ,,,,,,,,,,,,,,,
Na III ,206.5282,2.58E+07,460 593.62    , 3/2 ,,,,,,,,,,,,,,,
Na V , ,2.46E-02,48 379       , 3/2 ,,,,,,,,,,,,,,,
Na V , ,6.34E-04,48 379       , 3/2 ,,,,,,,,,,,,,,,
Na III ,206.6601,3.72E+08,447 547.96    , 3/2 ,,,,,,,,,,,,,,,
 , , , , ,,,,,,,,,,,,,,,
Na III , ,1.53E+08,466 788.03    , 3/2 ,,,,,,,,,,,,,,,
Na III ,206.6905,1.57E+07,447 547.96    , 3/2 ,,,,,,,,,,,,,,,
Na V , ,7.43E-04,48 343       , 5/2 ,,,,,,,,,,,,,,,
Na V , ,9.82E-04,48 343       , 5/2 ,,,,,,,,,,,,,,,
Na VII , ,1.59E+07,1 577 810?      , 7/2 ,,,,,,,,,,,,,,,
 , , , , ,,,,,,,,,,,,,,,
Na VII , ,1.49E+07,1 577 810?      , 5/2 ,,,,,,,,,,,,,,,
Na VII , ,1.06E+06,1 577 810?      , 5/2 ,,,,,,,,,,,,,,,
Na III ,207.2673,3.52E+08,466 788.03    , 3/2 ,,,,,,,,,,,,,,,
Na II ,207.7178, , ,  ,,,,,,,,,,,,,,,
Na III ,207.7974, ,465 017.83    , 3/2 ,,,,,,,,,,,,,,,
 , , , , ,,,,,,,,,,,,,,,
Na III ,208.2907, ,465 398.59    , 5/2 ,,,,,,,,,,,,,,,
Na III ,209.4808,3.09E+07,464 631.29    , 3/2 ,,,,,,,,,,,,,,,
Na III ,209.9563,8.62E+07,465 017.83    , 3/2 ,,,,,,,,,,,,,,,
Na III ,210.0443,7.41E+07,466 011.91    , 1/2 ,,,,,,,,,,,,,,,
Na VII , ,3.83E+06,1 306 470       , 3/2 ,,,,,,,,,,,,,,,
 , , , , ,,,,,,,,,,,,,,,
Na VII , ,3.84E+06,1 306 470       , 1/2 ,,,,,,,,,,,,,,,
Na III ,210.2762,2.31E+08,464 945.37    , 5/2 ,,,,,,,,,,,,,,,
Na III , ,2.37E+06,464 411.94    , 1/2 ,,,,,,,,,,,,,,,
Na II ,210.4516, , ,  ,,,,,,,,,,,,,,,
Na III ,210.476,1.34E+08,493 293.98    , 1/2 ,,,,,,,,,,,,,,,
 , , , , ,,,,,,,,,,,,,,,
Na IV ,210.6327,2.72E+08,572 546.0     ,3,,,,,,,,,,,,,,,
Na III , ,1.52E+07,466 011.91    , 1/2 ,,,,,,,,,,,,,,,
Na IV , ,1.99E+07,572 546.0     ,3,,,,,,,,,,,,,,,
Na III ,210.927,3.97E+07,493 192.06    , 3/2 ,,,,,,,,,,,,,,,
Na II ,210.9585, , ,  ,,,,,,,,,,,,,,,
 , , , , ,,,,,,,,,,,,,,,
Na III ,211.265,1.54E+08,493 192.06    , 3/2 ,,,,,,,,,,,,,,,
Na IV ,211.3099,4.70E+07,572 393.8     ,2,,,,,,,,,,,,,,,
Na V , ,1.44E+08,942 160?      , 7/2 ,,,,,,,,,,,,,,,
Na IV ,211.4533,2.10E+08,572 393.8     ,2,,,,,,,,,,,,,,,
Na II ,211.4551, , ,  ,,,,,,,,,,,,,,,
 , , , , ,,,,,,,,,,,,,,,
Na IV ,211.513,7.03E+07,572 379.5     ,1,,,,,,,,,,,,,,,
Na IV , ,3.12E+07,572 393.8     ,2,,,,,,,,,,,,,,,
Na II ,211.6143, , ,  ,,,,,,,,,,,,,,,
Na IV ,211.6158,2.04E+08,572 379.5     ,1,,,,,,,,,,,,,,,
Na III ,211.675,3.03E+08,464 631.29    , 3/2 ,,,,,,,,,,,,,,,
 , , , , ,,,,,,,,,,,,,,,
Na II ,211.9428, , ,  ,,,,,,,,,,,,,,,
Na III ,212.073,6.44E+07,494 685.86    , 3/2 ,,,,,,,,,,,,,,,
Na III ,212.451,1.86E+08,494 602.73    , 5/2 ,,,,,,,,,,,,,,,
Na IV ,212.4875,2.34E+08,643 625.6     ,2,,,,,,,,,,,,,,,
Na III ,212.663,3.71E+08,464 411.94    , 1/2 ,,,,,,,,,,,,,,,
 , , , , ,,,,,,,,,,,,,,,
Na III , ,1.37E+07,464 390.17    , 5/2 ,,,,,,,,,,,,,,,
Na II ,212.7627, , ,  ,,,,,,,,,,,,,,,
Na III ,212.7842, ,465 398.59    , 5/2 ,,,,,,,,,,,,,,,
Na VII , ,1.83E+08,1 338 470       , 7/2 ,,,,,,,,,,,,,,,
Na IV , ,4.36E+05,643 311.      ,1,,,,,,,,,,,,,,,
 , , , , ,,,,,,,,,,,,,,,
Na III ,214.0723,3.80E+08,445 873.20    , 5/2 ,,,,,,,,,,,,,,,
Na III ,214.1068,3.11E+07,445 873.20    , 5/2 ,,,,,,,,,,,,,,,
Na III ,214.186, ,464 077.16    , 3/2 ,,,,,,,,,,,,,,,
Na VII , ,1.87E+08,1 377 820       , 5/2 ,,,,,,,,,,,,,,,
Na III ,214.4202,1.98E+07,445 797.52    , 3/2 ,,,,,,,,,,,,,,,
 , , , , ,,,,,,,,,,,,,,,
Na III ,214.4542,3.88E+08,445 797.52    , 3/2 ,,,,,,,,,,,,,,,
Na III ,214.5231,8.27E+07,465 017.83    , 3/2 ,,,,,,,,,,,,,,,
Na III ,214.6234,1.68E+08,494 685.86    , 3/2 ,,,,,,,,,,,,,,,
Na III ,214.8574,1.54E+08,464 945.37    , 5/2 ,,,,,,,,,,,,,,,
Na IV , ,7.51E+05,643 052.      ,2,,,,,,,,,,,,,,,
 , , , , ,,,,,,,,,,,,,,,
Na III ,215.1653,1.34E+08,465 017.83    , 3/2 ,,,,,,,,,,,,,,,
Na IV , ,1.15E+06,596 578.9     ,2,,,,,,,,,,,,,,,
Na IV , ,1.15E+06,596 578.9     ,2,,,,,,,,,,,,,,,
Na IV ,215.5762,2.97E+08,577 782.7     ,3,,,,,,,,,,,,,,,
Na II ,215.5774, , ,  ,,,,,,,,,,,,,,,
 , , , , ,,,,,,,,,,,,,,,
Na VII , ,1.95E+08,1 378 300       , 7/2 ,,,,,,,,,,,,,,,
Na III , ,3.67E+05,460 593.62    , 3/2 ,,,,,,,,,,,,,,,
Na III ,215.9082,3.11E+08,493 849.24    , 1/2 ,,,,,,,,,,,,,,,
Na III ,215.971, ,463 691.90    , 5/2 ,,,,,,,,,,,,,,,
Na III ,216.3178,2.37E+07,464 631.29    , 3/2 ,,,,,,,,,,,,,,,
 , , , , ,,,,,,,,,,,,,,,
Na II ,216.6769, ,354 997.8     ,1,,,,,,,,,,,,,,,
Na III , ,7.26E+05,460 409.70    , 5/2 ,,,,,,,,,,,,,,,
Na III ,216.9702,1.81E+07,464 631.29    , 3/2 ,,,,,,,,,,,,,,,
Na II ,217.249, ,354 876.5     ,1,,,,,,,,,,,,,,,
Na III , ,4.45E+05,464 411.94    , 1/2 ,,,,,,,,,,,,,,,
 , , , , ,,,,,,,,,,,,,,,
Na III , ,4.67E+05,460 257.21    , 7/2 ,,,,,,,,,,,,,,,
Na III ,217.453,1.00E+08,464 390.17    , 5/2 ,,,,,,,,,,,,,,,
Na VIII , ,3.77E+06,1 485 340       ,2,,,,,,,,,,,,,,,
Na IV , ,6.39E+03,646 419.6     ,3,,,,,,,,,,,,,,,
Na IV , ,1.61E+06,646 419.6     ,3,,,,,,,,,,,,,,,
 , , , , ,,,,,,,,,,,,,,,
Na VII , ,1.26E+07,1 377 820       , 5/2 ,,,,,,,,,,,,,,,
Na III , ,1.77E+04,464 411.94    , 1/2 ,,,,,,,,,,,,,,,
Na VIII , ,2.78E+06,1 486 080       ,3,,,,,,,,,,,,,,,
Na III ,218.2846,1.14E+07,411 951.78    , 3/2 ,,,,,,,,,,,,,,,
Na III ,218.53,2.06E+08,493 293.98    , 1/2 ,,,,,,,,,,,,,,,
 , , , , ,,,,,,,,,,,,,,,
Na III ,218.5498,2.02E+08,493 849.24    , 1/2 ,,,,,,,,,,,,,,,
Na VIII , ,1.86E+07,1 485 140       ,1,,,,,,,,,,,,,,,
Na III ,218.942,9.47E+06,464 077.16    , 3/2 ,,,,,,,,,,,,,,,
Na VI , ,1.24E+08,996 010       ,2,,,,,,,,,,,,,,,
Na III ,219.0185,3.28E+08,493 192.06    , 3/2 ,,,,,,,,,,,,,,,
 , , , , ,,,,,,,,,,,,,,,
Na VII , ,9.06E+07,1 217 950       , 1/2 ,,,,,,,,,,,,,,,
Na V , ,2.07E+08,847 540       , 5/2 ,,,,,,,,,,,,,,,
Na V , ,2.07E+08,847 540       , 3/2 ,,,,,,,,,,,,,,,
Na V , ,2.07E+08,847 540       , 1/2 ,,,,,,,,,,,,,,,
Na III , ,1.06E+05,460 746.98    , 1/2 ,,,,,,,,,,,,,,,
 , , , , ,,,,,,,,,,,,,,,
Na III ,219.611,1.67E+07,464 077.16    , 3/2 ,,,,,,,,,,,,,,,
Na III , ,4.63E+04,460 593.62    , 3/2 ,,,,,,,,,,,,,,,
Na III ,220.2831,8.53E+07,411 536.38    , 5/2 ,,,,,,,,,,,,,,,
Na VI ,220.459,1.63E+08,996 740       ,3,,,,,,,,,,,,,,,
Na III ,220.8069,2.63E+07,463 691.90    , 5/2 ,,,,,,,,,,,,,,,
 , , , , ,,,,,,,,,,,,,,,
Na III , ,1.48E+02,460 409.70    , 5/2 ,,,,,,,,,,,,,,,
Na III ,221.2352,2.42E+08,493 293.98    , 1/2 ,,,,,,,,,,,,,,,
Na II ,221.3281, , ,  ,,,,,,,,,,,,,,,
Na III ,221.4208,5.14E+07,412 189.46    , 1/2 ,,,,,,,,,,,,,,,
Na II ,221.656, ,375 890.0     ," 2,3 ",,,,,,,,,,,,,,,
 , , , , ,,,,,,,,,,,,,,,
Na III ,221.734,6.86E+07,493 192.06    , 3/2 ,,,,,,,,,,,,,,,
Na VIII , ,1.65E+07,1 485 340       ,2,,,,,,,,,,,,,,,
Na III ,222.528,1.09E+07,418 556.54    , 1/2 ,,,,,,,,,,,,,,,
Na III ,222.5927,1.82E+08,411 951.78    , 3/2 ,,,,,,,,,,,,,,,
Na VIII , ,5.87E+06,1 485 140       ,1,,,,,,,,,,,,,,,
 , , , , ,,,,,,,,,,,,,,,
Na II ,222.8529, ,353 719.3     ,1,,,,,,,,,,,,,,,
Na VII , ,8.59E+07,1 217 190       , 3/2 ,,,,,,,,,,,,,,,
Na II ,222.9156, , ,  ,,,,,,,,,,,,,,,
Na III ,223.0328,3.64E+08,410 976.94    , 7/2 ,,,,,,,,,,,,,,,
Na II ,223.1399, , ,  ,,,,,,,,,,,,,,,
 , , , , ,,,,,,,,,,,,,,,
Na VII , ,1.86E+07,1 583 740       , 5/2 ,,,,,,,,,,,,,,,
Na VII , ,1.56E+07,1 583 740       , 3/2 ,,,,,,,,,,,,,,,
Na VII , ,3.12E+06,1 583 740       , 3/2 ,,,,,,,,,,,,,,,
Na III ,223.2187,2.34E+08,418 417.50    , 3/2 ,,,,,,,,,,,,,,,
Na IV , ,2.32E-04,531 410.      ,2,,,,,,,,,,,,,,,
 , , , , ,,,,,,,,,,,,,,,
Na II ,223.5549, , ,  ,,,,,,,,,,,,,,,
Na III ,223.9484,3.09E+08,412 189.46    , 1/2 ,,,,,,,,,,,,,,,
Na VI , ,3.86E+07,996 010       ,2,,,,,,,,,,,,,,,
Na IV , ,9.39E+07,641 193.      ,1,,,,,,,,,,,,,,,
Na VI , ,1.47E+08,1 077 890       ,2,,,,,,,,,,,,,,,
 , , , , ,,,,,,,,,,,,,,,
Na III ,224.6706,2.72E+08,411 536.38    , 5/2 ,,,,,,,,,,,,,,,
Na II ,224.7464, , ,  ,,,,,,,,,,,,,,,
Na IV , ,8.46E+05,575 821.0     ,3,,,,,,,,,,,,,,,
Na III ,225.1474,1.66E+08,411 951.78    , 3/2 ,,,,,,,,,,,,,,,
Na IV , ,3.35E+04,575 768.1     ,2,,,,,,,,,,,,,,,
 , , , , ,,,,,,,,,,,,,,,
Na II ,226.0495, ,375 890.0     ," 3,4 ",,,,,,,,,,,,,,,
Na II ,226.0495, ,375 890.0     ," 2,3 ",,,,,,,,,,,,,,,
Na VIII , ,1.99E+07,1 486 080       ,3,,,,,,,,,,,,,,,
Na II ,226.2665, ,375 890.0     ," 2,3 ",,,,,,,,,,,,,,,
Na II ,226.2665, ,375 890.0     ," 3,4 ",,,,,,,,,,,,,,,
 , , , , ,,,,,,,,,,,,,,,
Na VII , ,9.08E+05,1 104 620       , 3/2 ,,,,,,,,,,,,,,,
Na VII , ,4.59E+04,1 472 730       , 7/2 ,,,,,,,,,,,,,,,
Na II ,227.3808, ,374 514.9     ," 1,2 ",,,,,,,,,,,,,,,
Na VII , ,8.11E+06,1 104 620       , 3/2 ,,,,,,,,,,,,,,,
Na VII , ,1.23E+06,1 472 730       , 7/2 ,,,,,,,,,,,,,,,
 , , , , ,,,,,,,,,,,,,,,
Na III ,227.8413,2.98E+08,418 556.54    , 1/2 ,,,,,,,,,,,,,,,
Na III ,227.9482,3.40E+08,478 884.07    , 3/2 ,,,,,,,,,,,,,,,
Na III , ,7.58E+05,460 746.98    , 1/2 ,,,,,,,,,,,,,,,
Na III ,228.162,3.39E+08,478 842.99    , 1/2 ,,,,,,,,,,,,,,,
Na IV , ,1.41E+06,600 567.7     ,1,,,,,,,,,,,,,,,
 , , , , ,,,,,,,,,,,,,,,
Na IV , ,4.90E+05,600 534.1     ,2,,,,,,,,,,,,,,,
Na III ,228.566,7.73E+07,418 417.50    , 3/2 ,,,,,,,,,,,,,,,
Na II ,228.6264, ,374 514.9     ," 1,2 ",,,,,,,,,,,,,,,
Na II ,228.7822, , ,  ,,,,,,,,,,,,,,,
Na III , ,3.11E+05,460 593.62    , 3/2 ,,,,,,,,,,,,,,,
 , , , , ,,,,,,,,,,,,,,,
Na II ,229.1198, , ,  ,,,,,,,,,,,,,,,
Na V , ,3.42E+07,938 440?      , 3/2 ,,,,,,,,,,,,,,,
Na V , ,3.80E+06,938 440?      , 3/2 ,,,,,,,,,,,,,,,
Na VII , ,9.52E+05,1 198 290       , 1/2 ,,,,,,,,,,,,,,,
Na VII , ,9.52E+04,1 198 290       , 3/2 ,,,,,,,,,,,,,,,
 , , , , ,,,,,,,,,,,,,,,
Na VII , ,2.26E+07,1 335 830       , 5/2 ,,,,,,,,,,,,,,,
Na VII , ,1.13E+06,1 335 830       , 5/2 ,,,,,,,,,,,,,,,
Na VII , ,2.36E+07,1 335 810       , 3/2 ,,,,,,,,,,,,,,,
Na VIII , ,3.32E+06,1 485 340       ,2,,,,,,,,,,,,,,,
Na II ,230.2923, ,374 532.1     ," 3,4 ",,,,,,,,,,,,,,,
 , , , , ,,,,,,,,,,,,,,,
Na II ,230.3263, , ,  ,,,,,,,,,,,,,,,
Na II ,230.3582, ,374 520.3     ," 4,5 ",,,,,,,,,,,,,,,
Na II ,230.6968, ,374 520.3     ," 4,5 ",,,,,,,,,,,,,,,
Na VI , ,1.41E+06,1 134 090       ,1,,,,,,,,,,,,,,,
Na VI , ,1.26E+07,1 134 090       ,2,,,,,,,,,,,,,,,
 , , , , ,,,,,,,,,,,,,,,
Na VI , ,5.08E+07,1 134 090       ,3,,,,,,,,,,,,,,,
Na III ,230.9988,3.08E+08,416 909.31    , 1/2 ,,,,,,,,,,,,,,,
Na III ,231.465, ,460 593.62    , 3/2 ,,,,,,,,,,,,,,,
Na II ,231.5647,1.05E+07,308 860.80    ,0,,,,,,,,,,,,,,,
Na IV , ,1.35E+04,643 625.6     ,2,,,,,,,,,,,,,,,
 , , , , ,,,,,,,,,,,,,,,
Na II ,231.8687, , ,  ,,,,,,,,,,,,,,,
Na IV , ,1.91E+06,643 625.6     ,2,,,,,,,,,,,,,,,
Na II ,232.013, ,375 890.0     ," 2,3 ",,,,,,,,,,,,,,,
Na II ,232.013, ,375 890.0     ," 3,4 ",,,,,,,,,,,,,,,
Na IV , ,5.62E+02,643 625.6     ,2,,,,,,,,,,,,,,,
 , , , , ,,,,,,,,,,,,,,,
Na II ,232.2264, ,375 890.0     ," 2,3 ",,,,,,,,,,,,,,,
Na II ,232.2264, ,375 890.0     ," 3,4 ",,,,,,,,,,,,,,,
Na VI , ,1.91E+07,1 048 100       ,1,,,,,,,,,,,,,,,
Na III ,232.456, ,460 409.70    , 5/2 ,,,,,,,,,,,,,,,
Na II ,232.4927, ,373 788.1     ," 2,3 ",,,,,,,,,,,,,,,
 , , , , ,,,,,,,,,,,,,,,
Na II ,232.8805, ,375 890.0     ," 2,3 ",,,,,,,,,,,,,,,
Na II ,233.1444, , ,  ,,,,,,,,,,,,,,,
Na II ,233.2109, ,374 532.1     ," 3,4 ",,,,,,,,,,,,,,,
Na IV , ,1.25E+07,643 420.?     ,0,,,,,,,,,,,,,,,
Na VII , ,1.38E+06,1 471 560       , 5/2 ,,,,,,,,,,,,,,,
 , , , , ,,,,,,,,,,,,,,,
Na II ,233.4403, ,374 532.1     ," 3,4 ",,,,,,,,,,,,,,,
Na IV , ,9.85E+06,643 311.      ,1,,,,,,,,,,,,,,,
Na II ,233.7377, ,374 514.9     ," 1,2 ",,,,,,,,,,,,,,,
Na VII , ,5.61E+04,1 471 560       , 5/2 ,,,,,,,,,,,,,,,
Na IV , ,3.00E+06,643 311.      ,1,,,,,,,,,,,,,,,
 , , , , ,,,,,,,,,,,,,,,
Na II ,233.9724, ,375 890.0     ," 2,3 ",,,,,,,,,,,,,,,
Na VII , ,8.25E+06,1 103 220       , 1/2 ,,,,,,,,,,,,,,,
Na IV , ,1.05E+07,643 052.      ,2,,,,,,,,,,,,,,,
Na IV , ,1.42E+06,643 052.      ,2,,,,,,,,,,,,,,,
Na IV , ,9.50E+04,643 052.      ,2,,,,,,,,,,,,,,,
 , , , , ,,,,,,,,,,,,,,,
Na VII , ,3.21E+05,1 378 300       , 7/2 ,,,,,,,,,,,,,,,
Na II ,235.5743, , ,  ,,,,,,,,,,,,,,,
Na IV , ,8.09E+03,639 007.      ,1,,,,,,,,,,,,,,,
Na VI , ,3.06E+07,1 048 100       ,1,,,,,,,,,,,,,,,
Na VII , ,4.16E+07,1 474 530?      , 1/2 ,,,,,,,,,,,,,,,
 , , , , ,,,,,,,,,,,,,,,
Na IV , ,5.50E+05,638 943.      ,2,,,,,,,,,,,,,,,
Na VI , ,1.83E+07,1 047 410       ,2,,,,,,,,,,,,,,,
Na III , ,3.81E+04,460 746.98    , 1/2 ,,,,,,,,,,,,,,,
Na IV , ,1.06E+03,638 825.      ,3,,,,,,,,,,,,,,,
Na III ,236.7295,1.65E+07,416 909.31    , 1/2 ,,,,,,,,,,,,,,,
 , , , , ,,,,,,,,,,,,,,,
Na II ,236.851, , ,  ,,,,,,,,,,,,,,,
Na III , ,4.75E+03,460 746.98    , 1/2 ,,,,,,,,,,,,,,,
Na III , ,8.01E+04,460 593.62    , 3/2 ,,,,,,,,,,,,,,,
Na VII , ,1.64E+06,1 432 600?      , 3/2 ,,,,,,,,,,,,,,,
Na VII , ,1.82E+05,1 432 600?      , 3/2 ,,,,,,,,,,,,,,,
 , , , , ,,,,,,,,,,,,,,,
Na II ,237.2658, , ,  ,,,,,,,,,,,,,,,
Na II ,237.3329, ,373 787.8     ," 3,4 ",,,,,,,,,,,,,,,
Na VII , ,7.77E+05,1 198 290       , 3/2 ,,,,,,,,,,,,,,,
Na VII , ,5.17E+04,1 252 010       , 5/2 ,,,,,,,,,,,,,,,
Na II ,237.5731, ,373 787.8     ," 3,4 ",,,,,,,,,,,,,,,
 , , , , ,,,,,,,,,,,,,,,
Na II ,237.8039, , ,  ,,,,,,,,,,,,,,,
Na III , ,1.43E+02,460 593.62    , 3/2 ,,,,,,,,,,,,,,,
Na II ,237.9218, , ,  ,,,,,,,,,,,,,,,
Na VII , ,2.90E+05,1 377 820       , 5/2 ,,,,,,,,,,,,,,,
Na III , ,2.86E+04,460 409.70    , 5/2 ,,,,,,,,,,,,,,,
 , , , , ,,,,,,,,,,,,,,,
Na VII , ,2.07E+04,1 377 820       , 5/2 ,,,,,,,,,,,,,,,
Na II ,238.2291, , ,  ,,,,,,,,,,,,,,,
Na II ,238.3918, , ,  ,,,,,,,,,,,,,,,
Na VII , ,2.01E+07,1 474 530?      , 1/2 ,,,,,,,,,,,,,,,
Na II ,238.5609, , ,  ,,,,,,,,,,,,,,,
 , , , , ,,,,,,,,,,,,,,,
Na II ,238.6289, , ,  ,,,,,,,,,,,,,,,
Na III ,238.6992,3.05E+08,441 055.67    , 7/2 ,,,,,,,,,,,,,,,
Na II ,238.7022, , ,  ,,,,,,,,,,,,,,,
Na II ,238.7817, , ,  ,,,,,,,,,,,,,,,
Na II ,238.8289, ,372 407.6     ,1,,,,,,,,,,,,,,,
 , , , , ,,,,,,,,,,,,,,,
Na II ,239.0452, , ,  ,,,,,,,,,,,,,,,
Na II ,239.2324, , ,  ,,,,,,,,,,,,,,,
Na II ,239.3275, ,372 407.9     ,2,,,,,,,,,,,,,,,
Na II ,239.3275, ,372 407.6     ,1,,,,,,,,,,,,,,,
Na III ,239.3589,2.26E+07,440 940.20    , 5/2 ,,,,,,,,,,,,,,,
 , , , , ,,,,,,,,,,,,,,,
Na II ,239.3612, , ,  ,,,,,,,,,,,,,,,
Na VII , ,1.06E+06,1 251 670       , 3/2 ,,,,,,,,,,,,,,,
Na III ,239.4032,2.80E+08,440 940.20    , 5/2 ,,,,,,,,,,,,,,,
Na II ,239.5642, ,374 532.1     ," 3,4 ",,,,,,,,,,,,,,,
Na VII , ,1.73E+07,1 390 450?      , 5/2 ,,,,,,,,,,,,,,,
 , , , , ,,,,,,,,,,,,,,,
Na VII , ,1.67E+07,1 390 450?      , 3/2 ,,,,,,,,,,,,,,,
Na VII , ,1.85E+06,1 390 450?      , 3/2 ,,,,,,,,,,,,,,,
Na VII , ,1.24E+06,1 390 450?      , 5/2 ,,,,,,,,,,,,,,,
Na II ,239.6559, , ,  ,,,,,,,,,,,,,,,
Na VI , ,5.24E+07,1 047 410       ,2,,,,,,,,,,,,,,,
 , , , , ,,,,,,,,,,,,,,,
Na VII , ,2.74E+05,1 258 880       , 1/2 ,,,,,,,,,,,,,,,
Na VII , ,9.84E+06,1 473 810?      , 3/2 ,,,,,,,,,,,,,,,
Na II ,240.1014, ,372 425.4     ," 2,3 ",,,,,,,,,,,,,,,
Na II ,240.2019, ,372 407.9     ,2,,,,,,,,,,,,,,,
Na II ,240.3299, , ,  ,,,,,,,,,,,,,,,
 , , , , ,,,,,,,,,,,,,,,
Na II ,240.5938, , ,  ,,,,,,,,,,,,,,,
Na III ,240.6588,7.37E+07,415 172.28    , 3/2 ,,,,,,,,,,,,,,,
Na II ,240.9098, , ,  ,,,,,,,,,,,,,,,
Na II ,241.0549, , ,  ,,,,,,,,,,,,,,,
Na II ,241.2544, , ,  ,,,,,,,,,,,,,,,
 , , , , ,,,,,,,,,,,,,,,
Na II ,241.7121, , ,  ,,,,,,,,,,,,,,,
Na II ,241.9965, ,372 433.3     ," 3,4 ",,,,,,,,,,,,,,,
Na II ,242.0991, ,372 415.9     ," 4,5 ",,,,,,,,,,,,,,,
Na II ,242.2071, , ,  ,,,,,,,,,,,,,,,
Na II ,242.3724, ,372 433.3     ," 3,4 ",,,,,,,,,,,,,,,
 , , , , ,,,,,,,,,,,,,,,
Na II ,242.4729, ,372 415.9     ," 4,5 ",,,,,,,,,,,,,,,
Na VII , ,4.77E+07,1 473 810?      , 3/2 ,,,,,,,,,,,,,,,
Na II ,242.7437, , ,  ,,,,,,,,,,,,,,,
Na II ,242.7968, , ,  ,,,,,,,,,,,,,,,
Na II ,242.9322, , ,  ,,,,,,,,,,,,,,,
 , , , , ,,,,,,,,,,,,,,,
Na IV , ,6.35E+04,572 546.0     ,3,,,,,,,,,,,,,,,
Na I , ,3.87E+03,[41 076.141]  , 3/2 ,,,,,,,,,,,,,,,
Na I , ,3.87E+03,[41 076.106]  , 1/2 ,,,,,,,,,,,,,,,
Na II ,243.384, , ,  ,,,,,,,,,,,,,,,
Na II ,243.4541, , ,  ,,,,,,,,,,,,,,,
 , , , , ,,,,,,,,,,,,,,,
Na I , ,4.64E+03,[41 028.462]  , 3/2 ,,,,,,,,,,,,,,,
Na I , ,4.64E+03,[41 028.419]  , 1/2 ,,,,,,,,,,,,,,,
Na II ,243.7112, , ,  ,,,,,,,,,,,,,,,
Na II ,243.9144, ,373 787.8     ," 3,4 ",,,,,,,,,,,,,,,
Na IV , ,3.77E+03,572 393.8     ,2,,,,,,,,,,,,,,,
 , , , , ,,,,,,,,,,,,,,,
Na I , ,5.60E+03,[40 971.028]  , 3/2 ,,,,,,,,,,,,,,,
Na I , ,5.60E+03,[40 970.976]  , 1/2 ,,,,,,,,,,,,,,,
Na IV , ,8.68E+06,572 379.5     ,1,,,,,,,,,,,,,,,
Na II ,244.1495, ,373 787.8     ," 3,4 ",,,,,,,,,,,,,,,
Na VII , ,1.29E+05,1 258 880       , 1/2 ,,,,,,,,,,,,,,,
 , , , , ,,,,,,,,,,,,,,,
Na II ,244.2513, , ,  ,,,,,,,,,,,,,,,
Na II ,244.3541, , ,  ,,,,,,,,,,,,,,,
Na I , ,6.80E+03,[40 900.985]  , 3/2 ,,,,,,,,,,,,,,,
Na I , ,6.80E+03,[40 900.922]  , 1/2 ,,,,,,,,,,,,,,,
Na II ,244.4439, , ,  ,,,,,,,,,,,,,,,
 , , , , ,,,,,,,,,,,,,,,
Na II ,244.5779, , ,  ,,,,,,,,,,,,,,,
Na II ,244.62, , ,  ,,,,,,,,,,,,,,,
Na II ,244.7195, , ,  ,,,,,,,,,,,,,,,
Na II ,244.8715, ,373 788.1     ," 2,3 ",,,,,,,,,,,,,,,
Na I , ,8.60E+03,[40 814.352]  , 3/2 ,,,,,,,,,,,,,,,
 , , , , ,,,,,,,,,,,,,,,
Na I , ,8.60E+03,[40 814.273]  , 1/2 ,,,,,,,,,,,,,,,
Na II ,244.9773, , ,  ,,,,,,,,,,,,,,,
Na VII , ,9.39E+05,1 252 010       , 5/2 ,,,,,,,,,,,,,,,
Na II ,245.218, ,372 433.3     ," 3,4 ",,,,,,,,,,,,,,,
Na II ,245.2657, ,372 425.4     ," 2,3 ",,,,,,,,,,,,,,,
 , , , , ,,,,,,,,,,,,,,,
Na II ,245.3718, ,372 407.6     ,1,,,,,,,,,,,,,,,
Na II ,245.4628, ,372 433.3     ," 3,4 ",,,,,,,,,,,,,,,
Na I , ,1.12E+04,[40 705.444]  , 3/2 ,,,,,,,,,,,,,,,
Na I , ,1.12E+04,[40 705.344]  , 1/2 ,,,,,,,,,,,,,,,
Na II ,245.7477, , ,  ,,,,,,,,,,,,,,,
 , , , , ,,,,,,,,,,,,,,,
Na VII , ,6.74E+07,1 292 330       , 5/2 ,,,,,,,,,,,,,,,
Na III ,245.9306,2.80E+08,414 281.85    , 5/2 ,,,,,,,,,,,,,,,
Na II ,246.0776, ,373 788.1     ," 2,3 ",,,,,,,,,,,,,,,
Na VIII , ,6.26E+07,1 492 980       ,0,,,,,,,,,,,,,,,
Na I , ,1.44E+04,[40 565.913]  , 3/2 ,,,,,,,,,,,,,,,
 , , , , ,,,,,,,,,,,,,,,
Na I , ,1.44E+04,[40 565.783]  , 1/2 ,,,,,,,,,,,,,,,
Na II ,246.6368, , ,  ,,,,,,,,,,,,,,,
Na III ,246.8854,2.13E+08,415 172.28    , 3/2 ,,,,,,,,,,,,,,,
Na III ,247.4732,1.38E+08,406 550.63    , 3/2 ,,,,,,,,,,,,,,,
Na I , ,1.94E+04,40 383.097   , 3/2 ,,,,,,,,,,,,,,,
 , , , , ,,,,,,,,,,,,,,,
Na I , ,1.94E+04,40 382.925   , 1/2 ,,,,,,,,,,,,,,,
Na VII , ,7.04E+07,1 292 330       , 7/2 ,,,,,,,,,,,,,,,
Na VII , ,4.70E+06,1 292 330       , 5/2 ,,,,,,,,,,,,,,,
Na VII , ,9.32E+07,1 388 970?      , 7/2 ,,,,,,,,,,,,,,,
Na VIII , ,6.10E+07,1 492 630       ,1,,,,,,,,,,,,,,,
 , , , , ,,,,,,,,,,,,,,,
Na IX , ,8.40E+07,1 416 130       , 3/2 ,,,,,,,,,,,,,,,
Na I , ,1.89E+04,40 137.043   , 3/2 ,,,,,,,,,,,,,,,
Na I , ,1.89E+04,40 136.810   , 1/2 ,,,,,,,,,,,,,,,
Na II ,249.3149,4.15E+08,308 860.80    ,0,,,,,,,,,,,,,,,
Na II ,249.4661, , ,  ,,,,,,,,,,,,,,,
 , , , , ,,,,,,,,,,,,,,,
Na III ,249.7022,1.99E+08,406 190.15    , 5/2 ,,,,,,,,,,,,,,,
Na II ,249.784, , ,  ,,,,,,,,,,,,,,,
Na II ,249.8124, , ,  ,,,,,,,,,,,,,,,
Na II ,250.2839,1.20E+07,333 162.94    ,1,,,,,,,,,,,,,,,
Na II ,250.4285, , ,  ,,,,,,,,,,,,,,,
 , , , , ,,,,,,,,,,,,,,,
Na II ,250.4791, ,370 548.50?   ,2,,,,,,,,,,,,,,,
Na II ,250.6301,2.70E+07,333 107.74    ,1,,,,,,,,,,,,,,,
Na VI , ,3.59E+07,1 130 630       ,1,,,,,,,,,,,,,,,
Na VI , ,6.45E+07,1 130 630       ,2,,,,,,,,,,,,,,,
Na III ,251.0264,2.19E+08,406 865.11    , 1/2 ,,,,,,,,,,,,,,,
 , , , , ,,,,,,,,,,,,,,,
Na VII , ,1.80E+06,1 432 610       , 3/2 ,,,,,,,,,,,,,,,
Na VII , ,1.62E+07,1 432 610       , 3/2 ,,,,,,,,,,,,,,,
Na VIII , ,6.78E+07,1 440 260?      ,2,,,,,,,,,,,,,,,
Na I , ,3.20E+04,[39 794.810]  , 3/2 ,,,,,,,,,,,,,,,
Na I , ,3.10E+04,[39 794.479]  , 1/2 ,,,,,,,,,,,,,,,
 , , , , ,,,,,,,,,,,,,,,
Na IV , ,2.90E+07,596 578.9     ,2,,,,,,,,,,,,,,,
Na VII , ,6.00E+06,1 388 500?      , 5/2 ,,,,,,,,,,,,,,,
Na VII , ,8.37E+07,1 388 500?      , 5/2 ,,,,,,,,,,,,,,,
Na II ,251.4412, ,370 548.06?   ,3,,,,,,,,,,,,,,,
Na II ,251.5455,2.25E+07,332 962.57    ,2,,,,,,,,,,,,,,,
 , , , , ,,,,,,,,,,,,,,,
Na VIII , ,4.99E+07,1 439 410?      ,1,,,,,,,,,,,,,,,
Na VIII , ,8.93E+07,1 441 880       ,3,,,,,,,,,,,,,,,
Na VII , ,1.52E+06,1 331 970       , 5/2 ,,,,,,,,,,,,,,,
Na VII , ,7.64E+04,1 331 970       , 5/2 ,,,,,,,,,,,,,,,
Na II ,252.5647,2.78E+05,332 802.21    ,2,,,,,,,,,,,,,,,
 , , , , ,,,,,,,,,,,,,,,
Na VIII , ,5.81E+07,1 491 980       ,2,,,,,,,,,,,,,,,
Na II ,252.7705, , ,  ,,,,,,,,,,,,,,,
Na III ,253.0249,3.65E+07,406 550.63    , 3/2 ,,,,,,,,,,,,,,,
Na II ,253.1538,8.44E+07,332 710.11    ,0,,,,,,,,,,,,,,,
Na IX , ,7.93E+07,1 415 370       , 1/2 ,,,,,,,,,,,,,,,
 , , , , ,,,,,,,,,,,,,,,
Na VII , ,5.28E+06,1 578 350       , 3/2 ,,,,,,,,,,,,,,,
Na VII , ,4.22E+06,1 578 350       , 1/2 ,,,,,,,,,,,,,,,
Na VII , ,2.11E+06,1 578 350       , 1/2 ,,,,,,,,,,,,,,,
Na VII , ,1.06E+06,1 578 350       , 3/2 ,,,,,,,,,,,,,,,
Na VII , ,1.73E+07,1 432 140       , 1/2 ,,,,,,,,,,,,,,,
 , , , , ,,,,,,,,,,,,,,,
Na III ,254.2791,3.39E+07,406 865.11    , 1/2 ,,,,,,,,,,,,,,,
Na I ,254.382,4.46E+04,39 298.84    , 3/2 ,,,,,,,,,,,,,,,
Na I ,254.388,4.35E+04,39 298.35    , 1/2 ,,,,,,,,,,,,,,,
Na II ,254.5095, , ,  ,,,,,,,,,,,,,,,
Na II ,254.6279, , ,  ,,,,,,,,,,,,,,,
 , , , , ,,,,,,,,,,,,,,,
Na II ,254.6939, , ,  ,,,,,,,,,,,,,,,
Na III ,255.354,5.52E+07,406 190.15    , 5/2 ,,,,,,,,,,,,,,,
Na VIII , ,3.61E+06,1 513 730       ,1,,,,,,,,,,,,,,,
Na II ,255.8022, , ,  ,,,,,,,,,,,,,,,
Na II ,255.9971, ,370 548.06?   ,3,,,,,,,,,,,,,,,
 , , , , ,,,,,,,,,,,,,,,
Na III ,256.332,7.92E+07,406 550.63    , 3/2 ,,,,,,,,,,,,,,,
Na II ,256.5476, , ,  ,,,,,,,,,,,,,,,
Na VIII , ,3.53E+07,1 439 410?      ,1,,,,,,,,,,,,,,,
Na II ,256.8104, , ,  ,,,,,,,,,,,,,,,
Na VI , ,3.38E+00,74 414       ,0,,,,,,,,,,,,,,,
 , , , , ,,,,,,,,,,,,,,,
Na II ,257.1103, ,370 547.8     ," 3,4 ",,,,,,,,,,,,,,,
Na II ,257.391, ,370 547.8     ," 3,4 ",,,,,,,,,,,,,,,
Na II ,257.5703, , ,  ,,,,,,,,,,,,,,,
Na VII , ,1.51E+06,1 331 140       , 3/2 ,,,,,,,,,,,,,,,
Na II ,257.7645, , ,  ,,,,,,,,,,,,,,,
 , , , , ,,,,,,,,,,,,,,,
Na VI , ,1.03E+08,1 072 040       ,3,,,,,,,,,,,,,,,
Na II ,258.6308,5.80E+07,331 873.93    ,1,,,,,,,,,,,,,,,
Na II ,258.9269, ,369 158.71    ,1,,,,,,,,,,,,,,,
Na III , ,4.70E+03,412 189.46    , 1/2 ,,,,,,,,,,,,,,,
Na II ,259.3269, ,369 186.73    ,2,,,,,,,,,,,,,,,
 , , , , ,,,,,,,,,,,,,,,
Na I ,259.383,8.13E+04,38 540.93    , 3/2 ,,,,,,,,,,,,,,,
Na I ,259.393,7.96E+04,38 540.18    , 1/2 ,,,,,,,,,,,,,,,
Na II ,259.4958,3.71E+07,331 745.06    ,1,,,,,,,,,,,,,,,
Na IV , ,1.28E-02,525 139.      ,1,,,,,,,,,,,,,,,
Na IV , ,1.28E+06,639 007.      ,1,,,,,,,,,,,,,,,
 , , , , ,,,,,,,,,,,,,,,
Na IV , ,2.25E-03,525 117.      ,2,,,,,,,,,,,,,,,
Na II ,260.0325,4.90E+05,331 665.59    ,2,,,,,,,,,,,,,,,
Na IV , ,3.72E+06,639 007.      ,1,,,,,,,,,,,,,,,
Na IV , ,7.87E+05,638 943.      ,2,,,,,,,,,,,,,,,
Na IV , ,3.32E+06,638 943.      ,2,,,,,,,,,,,,,,,
 , , , , ,,,,,,,,,,,,,,,
Na II ,260.2974, , ,  ,,,,,,,,,,,,,,,
Na II ,260.3563, ,369 186.50    ,3,,,,,,,,,,,,,,,
Na IV , ,7.41E+05,638 943.      ,2,,,,,,,,,,,,,,,
Na II ,260.5388, ,369 159.46    ,2,,,,,,,,,,,,,,,
Na II ,260.7393, , ,  ,,,,,,,,,,,,,,,
 , , , , ,,,,,,,,,,,,,,,
Na II ,260.8856, , ,  ,,,,,,,,,,,,,,,
Na III , ,6.96E+04,411 951.78    , 3/2 ,,,,,,,,,,,,,,,
Na IV , ,4.51E+06,638 825.      ,3,,,,,,,,,,,,,,,
Na IV , ,5.61E+05,638 825.      ,3,,,,,,,,,,,,,,,
Na II ,261.1812,2.20E+08,331 496.51    ,2,,,,,,,,,,,,,,,
 , , , , ,,,,,,,,,,,,,,,
Na II ,261.3486, , ,  ,,,,,,,,,,,,,,,
Na II ,261.6833, , ,  ,,,,,,,,,,,,,,,
Na IV , ,5.08E+04,524 838.6+x   ,2,,,,,,,,,,,,,,,
Na IV , ,2.45E+04,524 773.3+x   ,1,,,,,,,,,,,,,,,
Na II ,262.5515, ,369 199.6     ," 3,4 ",,,,,,,,,,,,,,,
 , , , , ,,,,,,,,,,,,,,,
Na II ,262.6368, ,369 186.50    ,3,,,,,,,,,,,,,,,
Na VIII , ,1.98E+07,1 440 260?      ,2,,,,,,,,,,,,,,,
Na II ,262.7414, ,369 171.93    ,5,,,,,,,,,,,,,,,
Na II ,262.9909, ,369 199.6     ," 3,4 ",,,,,,,,,,,,,,,
Na II ,263.0766, ,369 186.73    ,2,,,,,,,,,,,,,,,
 , , , , ,,,,,,,,,,,,,,,
Na II ,263.0766, ,369 186.50    ,3,,,,,,,,,,,,,,,
Na II ,263.1812, ,369 172.01    ,4,,,,,,,,,,,,,,,
Na II ,263.6127, , ,  ,,,,,,,,,,,,,,,
Na III ,263.745,2.15E+06,411 536.38    , 5/2 ,,,,,,,,,,,,,,,
Na II ,263.7505, , ,  ,,,,,,,,,,,,,,,
 , , , , ,,,,,,,,,,,,,,,
Na VII , ,6.51E+05,1 415 630       , 5/2 ,,,,,,,,,,,,,,,
Na VII , ,1.37E+07,1 415 630       , 3/2 ,,,,,,,,,,,,,,,
Na II ,264.7785, , ,  ,,,,,,,,,,,,,,,
Na II ,264.8532, ,370 547.8     ," 3,4 ",,,,,,,,,,,,,,,
Na II ,265.0534, , ,  ,,,,,,,,,,,,,,,
 , , , , ,,,,,,,,,,,,,,,
Na II ,265.1313, ,370 547.8     ," 3,4 ",,,,,,,,,,,,,,,
Na II ,265.243, ,369 186.50    ,3,,,,,,,,,,,,,,,
Na II ,265.4331, ,369 159.46    ,2,,,,,,,,,,,,,,,
Na II ,265.9029, , ,  ,,,,,,,,,,,,,,,
Na II ,265.981, ,370 548.06?   ,3,,,,,,,,,,,,,,,
 , , , , ,,,,,,,,,,,,,,,
Na II ,266.0997,1.65E+08,330 789.05    ,2,,,,,,,,,,,,,,,
Na II ,266.2394, , ,  ,,,,,,,,,,,,,,,
Na II ,266.346, ,369 199.6     ," 3,4 ",,,,,,,,,,,,,,,
Na II ,266.4358, ,369 186.73    ,2,,,,,,,,,,,,,,,
Na II ,266.4358, ,369 186.50    ,3,,,,,,,,,,,,,,,
 , , , , ,,,,,,,,,,,,,,,
Na III , ,3.11E+04,412 189.46    , 1/2 ,,,,,,,,,,,,,,,
Na II ,266.6458, ,369 199.6     ," 3,4 ",,,,,,,,,,,,,,,
Na II ,266.7395, ,369 186.50    ,3,,,,,,,,,,,,,,,
Na II ,266.9372, ,369 159.46    ,2,,,,,,,,,,,,,,,
Na II ,267.0027, ,369 186.73    ,2,,,,,,,,,,,,,,,
 , , , , ,,,,,,,,,,,,,,,
Na II ,267.0406, , ,  ,,,,,,,,,,,,,,,
Na X , ,2.07E+08,(11 680 800.7)    ,1,,,,,,,,,,,,,,,
Na X , ,2.07E+08,(11 680 794.1)    ,0,,,,,,,,,,,,,,,
Na X , ,2.07E+08,(11 680 826.9)    ,2,,,,,,,,,,,,,,,
Na II ,267.1826,2.64E+08,330 636.75    ,1,,,,,,,,,,,,,,,
 , , , , ,,,,,,,,,,,,,,,
Na II ,267.2027, ,369 158.71    ,1,,,,,,,,,,,,,,,
Na II ,267.4035, ,370 548.50?   ,2,,,,,,,,,,,,,,,
Na II ,267.5266, , ,  ,,,,,,,,,,,,,,,
Na II ,267.5941, , ,  ,,,,,,,,,,,,,,,
Na VII , ,1.25E+07,1 415 630       , 5/2 ,,,,,,,,,,,,,,,
 , , , , ,,,,,,,,,,,,,,,
Na II ,267.8085,3.01E+08,330 549.35    ,0,,,,,,,,,,,,,,,
Na II ,267.9252, ,369 186.73    ,2,,,,,,,,,,,,,,,
Na I ,268.0331,1.84E+05,37 297.61    , 3/2 ,,,,,,,,,,,,,,,
Na I ,268.0421,1.81E+05,37 296.32    , 1/2 ,,,,,,,,,,,,,,,
Na III , ,6.73E+05,411 951.78    , 3/2 ,,,,,,,,,,,,,,,
 , , , , ,,,,,,,,,,,,,,,
Na II ,268.2194, , ,  ,,,,,,,,,,,,,,,
Na II ,268.3622, , ,  ,,,,,,,,,,,,,,,
Na II ,268.5083, , ,  ,,,,,,,,,,,,,,,
Na V , ,7.44E+05,1 011 340       , 5/2 ,,,,,,,,,,,,,,,
Na V , ,3.03E+04,1 011 340       , 5/2 ,,,,,,,,,,,,,,,
 , , , , ,,,,,,,,,,,,,,,
Na VIII , ,2.05E+06,1 439 410?      ,1,,,,,,,,,,,,,,,
Na II ,269.3712, , ,  ,,,,,,,,,,,,,,,
Na II ,269.8048, , ,  ,,,,,,,,,,,,,,,
Na VII , ,4.02E+07,1 399 890       , 1/2 ,,,,,,,,,,,,,,,
Na II ,271.008, , ,  ,,,,,,,,,,,,,,,
 , , , , ,,,,,,,,,,,,,,,
Na X , ,2.11E+08,(11 681 436.4)    ,1,,,,,,,,,,,,,,,
Na II ,271.473, , ,  ,,,,,,,,,,,,,,,
Na IV , ,3.31E+05,643 625.6     ,2,,,,,,,,,,,,,,,
Na II ,272.05, , ,  ,,,,,,,,,,,,,,,
Na V , ,5.91E+05,1 010 860       , 7/2 ,,,,,,,,,,,,,,,
 , , , , ,,,,,,,,,,,,,,,
Na V , ,2.19E+04,1 010 860       , 7/2 ,,,,,,,,,,,,,,,
Na II ,272.393, , ,  ,,,,,,,,,,,,,,,
Na VII , ,3.93E+07,1 399 600       , 3/2 ,,,,,,,,,,,,,,,
Na II ,273.182, , ,  ,,,,,,,,,,,,,,,
Na VII , ,1.59E+06,1 253 780       , 3/2 ,,,,,,,,,,,,,,,
 , , , , ,,,,,,,,,,,,,,,
Na V , ,1.98E+06,1 011 340       , 5/2 ,,,,,,,,,,,,,,,
Na V , ,1.41E+05,1 011 340       , 5/2 ,,,,,,,,,,,,,,,
Na II ,273.874, , ,  ,,,,,,,,,,,,,,,
Na III , ,1.28E+07,515 365       , 5/2 ,,,,,,,,,,,,,,,
Na II ,274.127, , ,  ,,,,,,,,,,,,,,,
 , , , , ,,,,,,,,,,,,,,,
Na II ,274.677, , ,  ,,,,,,,,,,,,,,,
Na II ,274.898, , ,  ,,,,,,,,,,,,,,,
Na II ,274.9649, ,369 199.6     ," 3,4 ",,,,,,,,,,,,,,,
Na II ,274.9649, ,369 159.46    ,2,,,,,,,,,,,,,,,
Na II ,275.051, , ,  ,,,,,,,,,,,,,,,
 , , , , ,,,,,,,,,,,,,,,
Na II ,275.9797, ,369 186.50    ,3,,,,,,,,,,,,,,,
Na II ,276.1861, ,369 159.46    ,2,,,,,,,,,,,,,,,
Na II ,276.278, , ,  ,,,,,,,,,,,,,,,
Na III , ,1.04E+07,515 017       , 3/2 ,,,,,,,,,,,,,,,
Na VIII , ,4.31E+07,1 469 150       ,2,,,,,,,,,,,,,,,
 , , , , ,,,,,,,,,,,,,,,
Na VII , ,6.14E+05,1 253 350       , 1/2 ,,,,,,,,,,,,,,,
Na III , ,2.07E+06,515 017       , 3/2 ,,,,,,,,,,,,,,,
Na II ,276.761, , ,  ,,,,,,,,,,,,,,,
Na VII , ,3.76E+07,1 399 070       , 5/2 ,,,,,,,,,,,,,,,
Na V , ,2.03E+06,1 010 860       , 7/2 ,,,,,,,,,,,,,,,
 , , , , ,,,,,,,,,,,,,,,
Na II ,277.5113, ,369 186.73    ,2,,,,,,,,,,,,,,,
Na VII , ,5.93E+07,1 428 800       , 7/2 ,,,,,,,,,,,,,,,
Na II ,278.17, , ,  ,,,,,,,,,,,,,,,
Na VII , ,3.92E+06,1 428 720       , 5/2 ,,,,,,,,,,,,,,,
Na VII , ,5.50E+07,1 428 720       , 5/2 ,,,,,,,,,,,,,,,
 , , , , ,,,,,,,,,,,,,,,
Na II ,278.578, , ,  ,,,,,,,,,,,,,,,
Na II ,278.611, , ,  ,,,,,,,,,,,,,,,
Na II ,278.849, , ,  ,,,,,,,,,,,,,,,
Na III , ,2.12E+07,483 388.55    , 1/2 ,,,,,,,,,,,,,,,
Na II ,278.935, , ,  ,,,,,,,,,,,,,,,
 , , , , ,,,,,,,,,,,,,,,
Na VII , ,2.98E+05,1 253 780       , 3/2 ,,,,,,,,,,,,,,,
Na II ,279.286, , ,  ,,,,,,,,,,,,,,,
Na II ,279.9211,2.64E+06,332 962.57    ,2,,,,,,,,,,,,,,,
Na IV , ,3.33E+00,66 496.      ,0,,,,,,,,,,,,,,,
Na II ,280.694, , ,  ,,,,,,,,,,,,,,,
 , , , , ,,,,,,,,,,,,,,,
Na II ,280.775, , ,  ,,,,,,,,,,,,,,,
Na II ,280.8706,1.50E+07,332 841.93    ,3,,,,,,,,,,,,,,,
Na II ,280.952,5.95E+07,300 507.11    ,1,,,,,,,,,,,,,,,
Na II ,281.064, , ,  ,,,,,,,,,,,,,,,
Na II ,281.143, , ,  ,,,,,,,,,,,,,,,
 , , , , ,,,,,,,,,,,,,,,
Na II ,281.184,1.01E+06,332 802.21    ,2,,,,,,,,,,,,,,,
Na II ,281.39,6.90E+06,333 162.94    ,1,,,,,,,,,,,,,,,
Na II ,281.721, , ,  ,,,,,,,,,,,,,,,
Na II ,281.8288,1.20E+07,333 107.74    ,1,,,,,,,,,,,,,,,
Na II ,282.071, , ,  ,,,,,,,,,,,,,,,
 , , , , ,,,,,,,,,,,,,,,
Na II ,282.149, , ,  ,,,,,,,,,,,,,,,
Na VII , ,1.15E+06,1 253 350       , 1/2 ,,,,,,,,,,,,,,,
Na II ,282.441, , ,  ,,,,,,,,,,,,,,,
Na X , ,2.46E+08,(11 679 962)      ,1,,,,,,,,,,,,,,,
Na X , ,1.48E+08,(11 679 962)      ,1,,,,,,,,,,,,,,,
 , , , , ,,,,,,,,,,,,,,,
Na X , ,4.92E+07,(11 679 962)      ,1,,,,,,,,,,,,,,,
Na II ,282.835, , ,  ,,,,,,,,,,,,,,,
Na II ,282.9868,3.36E+07,332 962.57    ,2,,,,,,,,,,,,,,,
Na VII , ,2.91E+05,1 464 050       , 5/2 ,,,,,,,,,,,,,,,
Na IV , ,3.80E+04,635 817.2     ,4,,,,,,,,,,,,,,,
 , , , , ,,,,,,,,,,,,,,,
Na II ,283.192, , ,  ,,,,,,,,,,,,,,,
Na X , ,4.19E+08,(11 680 796)      ,0,,,,,,,,,,,,,,,
Na II ,283.226, , ,  ,,,,,,,,,,,,,,,
Na III , ,4.05E+07,483 388.55    , 1/2 ,,,,,,,,,,,,,,,
Na II ,283.361, , ,  ,,,,,,,,,,,,,,,
 , , , , ,,,,,,,,,,,,,,,
Na VII , ,5.79E+06,1 464 050       , 5/2 ,,,,,,,,,,,,,,,
Na II ,283.607, , ,  ,,,,,,,,,,,,,,,
Na II ,283.9564,5.10E+07,332 841.93    ,3,,,,,,,,,,,,,,,
Na II ,284.1724,8.92E+07,300 103.92    ,2,,,,,,,,,,,,,,,
Na II ,284.2762,5.23E+05,332 802.21    ,2,,,,,,,,,,,,,,,
 , , , , ,,,,,,,,,,,,,,,
Na IV , ,3.86E+03,635 675.6     ,3,,,,,,,,,,,,,,,
Na IV , ,3.21E+04,635 675.6     ,3,,,,,,,,,,,,,,,
Na II ,284.863, , ,  ,,,,,,,,,,,,,,,
Na II ,284.911, , ,  ,,,,,,,,,,,,,,,
Na II ,285.002, , ,  ,,,,,,,,,,,,,,,
 , , , , ,,,,,,,,,,,,,,,
Na II ,285.072, , ,  ,,,,,,,,,,,,,,,
Na II ,285.116, , ,  ,,,,,,,,,,,,,,,
Na IV , ,1.03E+02,635 566.0     ,2,,,,,,,,,,,,,,,
Na I ,285.2811,5.38E+05,35 042.85    , 3/2 ,,,,,,,,,,,,,,,
Na I ,285.3013,5.31E+05,35 040.38    , 1/2 ,,,,,,,,,,,,,,,
 , , , , ,,,,,,,,,,,,,,,
Na IV , ,2.88E+03,635 566.0     ,2,,,,,,,,,,,,,,,
Na IV , ,3.11E+04,635 566.0     ,2,,,,,,,,,,,,,,,
Na II ,285.6508,6.20E+07,333 162.94    ,1,,,,,,,,,,,,,,,
Na II ,285.9488,2.19E+07,299 885.37    ,1,,,,,,,,,,,,,,,
Na II ,286.1019,8.00E+06,333 107.74    ,1,,,,,,,,,,,,,,,
 , , , , ,,,,,,,,,,,,,,,
Na II ,286.296, , ,  ,,,,,,,,,,,,,,,
Na II ,286.366, , ,  ,,,,,,,,,,,,,,,
Na II ,286.796, , ,  ,,,,,,,,,,,,,,,
Na III , ,4.88E+07,482 402.20    , 3/2 ,,,,,,,,,,,,,,,
Na II ,286.831, , ,  ,,,,,,,,,,,,,,,
 , , , , ,,,,,,,,,,,,,,,
Na II ,286.93, , ,  ,,,,,,,,,,,,,,,
Na VII , ,1.91E+06,1 252 010       , 5/2 ,,,,,,,,,,,,,,,
Na II ,287.1275,2.75E+07,300 507.11    ,1,,,,,,,,,,,,,,,
Na VI , ,4.17E-01,35 498       ,2,,,,,,,,,,,,,,,
Na II ,287.2954,2.63E+07,332 962.57    ,2,,,,,,,,,,,,,,,
 , , , , ,,,,,,,,,,,,,,,
Na II ,287.573, , ,  ,,,,,,,,,,,,,,,
Na II ,287.738, , ,  ,,,,,,,,,,,,,,,
Na II ,287.9041, , ,  ,,,,,,,,,,,,,,,
Na II ,288.1146,2.50E+08,300 387.82    ,0,,,,,,,,,,,,,,,
Na II ,288.4249, , ,  ,,,,,,,,,,,,,,,
 , , , , ,,,,,,,,,,,,,,,
Na II ,288.6257,1.07E+08,332 802.21    ,2,,,,,,,,,,,,,,,
Na II ,288.795, , ,  ,,,,,,,,,,,,,,,
Na II ,288.895, , ,  ,,,,,,,,,,,,,,,
Na II ,288.961, , ,  ,,,,,,,,,,,,,,,
Na II ,289.051, , ,  ,,,,,,,,,,,,,,,
 , , , , ,,,,,,,,,,,,,,,
Na II ,289.121, , ,  ,,,,,,,,,,,,,,,
Na I ,289.3618, ,34 548.764   , 3/2 ,,,,,,,,,,,,,,,
Na II ,289.3949,1.48E+08,332 710.11    ,0,,,,,,,,,,,,,,,
Na II ,289.661, , ,  ,,,,,,,,,,,,,,,
Na II ,289.74, , ,  ,,,,,,,,,,,,,,,
 , , , , ,,,,,,,,,,,,,,,
Na VII , ,3.10E+05,1 251 670       , 3/2 ,,,,,,,,,,,,,,,
Na II ,290.1139,1.10E+08,331 707.90    ,3,,,,,,,,,,,,,,,
Na II ,290.4716,1.00E+07,331 665.59    ,2,,,,,,,,,,,,,,,
Na II ,290.4915,7.30E+07,300 103.92    ,2,,,,,,,,,,,,,,,
Na II ,290.74, ,365 174.10    ,3,,,,,,,,,,,,,,,
 , , , , ,,,,,,,,,,,,,,,
Na II ,290.752, ,365 173.42    ,3,,,,,,,,,,,,,,,
Na II ,290.856, , ,  ,,,,,,,,,,,,,,,
Na IV , ,1.11E+07,641 193.      ,1,,,,,,,,,,,,,,,
Na III , ,9.30E+06,482 402.20    , 3/2 ,,,,,,,,,,,,,,,
Na II ,291.752,7.92E+07,299 189.96    ,2,,,,,,,,,,,,,,,
 , , , , ,,,,,,,,,,,,,,,
Na II ,291.9049,1.60E+08,331 496.51    ,2,,,,,,,,,,,,,,,
Na II ,291.985,1.33E+08,331 873.93    ,1,,,,,,,,,,,,,,,
Na II ,292.0945,6.66E+07,300 507.11    ,1,,,,,,,,,,,,,,,
Na II ,292.3485,1.41E+07,299 885.37    ,1,,,,,,,,,,,,,,,
Na II ,293.0882,9.83E+07,331 745.06    ,1,,,,,,,,,,,,,,,
 , , , , ,,,,,,,,,,,,,,,
Na II ,293.4079,2.80E+07,331 707.90    ,3,,,,,,,,,,,,,,,
Na II ,293.555, , ,  ,,,,,,,,,,,,,,,
Na II ,293.7735,1.30E+08,331 665.59    ,2,,,,,,,,,,,,,,,
Na II ,294.2657,1.00E+07,333 162.94    ,1,,,,,,,,,,,,,,,
Na V , ,1.40E+07,928 840?      , 5/2 ,,,,,,,,,,,,,,,
 , , , , ,,,,,,,,,,,,,,,
Na V , ,1.35E+07,928 840?      , 3/2 ,,,,,,,,,,,,,,,
Na V , ,1.50E+06,928 840?      , 3/2 ,,,,,,,,,,,,,,,
Na V , ,1.00E+06,928 840?      , 5/2 ,,,,,,,,,,,,,,,
Na II ,294.5702,2.80E+07,331 186.70    ,3,,,,,,,,,,,,,,,
Na II ,294.7449,7.10E+07,333 107.74    ,1,,,,,,,,,,,,,,,
 , , , , ,,,,,,,,,,,,,,,
Na II ,295.1235,4.33E+08,331 123.04    ,4,,,,,,,,,,,,,,,
Na II ,295.2396,1.80E+07,331 496.51    ,2,,,,,,,,,,,,,,,
Na IV , ,1.84E+07,646 419.6     ,3,,,,,,,,,,,,,,,
Na II ,296.0116,5.60E+07,332 962.57    ,2,,,,,,,,,,,,,,,
Na II ,296.167, , ,  ,,,,,,,,,,,,,,,
 , , , , ,,,,,,,,,,,,,,,
Na VII , ,1.45E+06,1 251 670       , 3/2 ,,,,,,,,,,,,,,,
Na II ,296.5742,4.60E+05,331 873.93    ,1,,,,,,,,,,,,,,,
Na II ,296.848, ,365 174.10    ,3,,,,,,,,,,,,,,,
Na II ,296.897, , ,  ,,,,,,,,,,,,,,,
Na II ,297.0727,1.03E+07,332 841.93    ,3,,,,,,,,,,,,,,,
 , , , , ,,,,,,,,,,,,,,,
Na VI , ,1.13E+00,35 498       ,2,,,,,,,,,,,,,,,
Na II ,297.272, , ,  ,,,,,,,,,,,,,,,
Na II ,297.4235,2.02E+07,332 802.21    ,2,,,,,,,,,,,,,,,
Na II ,297.4988,6.47E+07,299 885.37    ,1,,,,,,,,,,,,,,,
Na II ,297.6686, , ,  ,,,,,,,,,,,,,,,
 , , , , ,,,,,,,,,,,,,,,
Na II ,297.7125,1.20E+08,331 745.06    ,1,,,,,,,,,,,,,,,
Na II ,297.9657,2.00E+08,331 186.70    ,3,,,,,,,,,,,,,,,
Na II ,298.0627,3.30E+05,330 789.05    ,2,,,,,,,,,,,,,,,
Na II ,298.4186,1.74E+07,299 189.96    ,2,,,,,,,,,,,,,,,
Na II ,298.4186,2.40E+08,331 665.59    ,2,,,,,,,,,,,,,,,
 , , , , ,,,,,,,,,,,,,,,
Na II ,298.6451, , ,  ,,,,,,,,,,,,,,,
Na II ,298.7213, ,365 174.10    ,3,,,,,,,,,,,,,,,
Na II ,299.689, , ,  ,,,,,,,,,,,,,,,
Na II , ,5.70E+05,331 496.51    ,2,,,,,,,,,,,,,,,
Na II ,300.086, , ,  ,,,,,,,,,,,,,,,
 , , , , ,,,,,,,,,,,,,,,
Na II ,300.292, , ,  ,,,,,,,,,,,,,,,
Na II ,300.4149,1.70E+07,333 162.94    ,1,,,,,,,,,,,,,,,
Na II ,300.7442,1.68E+07,298 165.44    ,1,,,,,,,,,,,,,,,
Na III , ,3.31E+04,406 865.11    , 1/2 ,,,,,,,,,,,,,,,
Na II ,300.9137,3.00E+07,333 107.74    ,1,,,,,,,,,,,,,,,
 , , , , ,,,,,,,,,,,,,,,
Na II ,300.9482, ,363 767.98    ,1,,,,,,,,,,,,,,,
Na VIII , ,5.10E+07,1 507 790       ,3,,,,,,,,,,,,,,,
Na II ,301.151, , ,  ,,,,,,,,,,,,,,,
Na II ,301.31, ,363 815.38    ,2,,,,,,,,,,,,,,,
Na II ,301.5395,1.51E+07,330 789.05    ,2,,,,,,,,,,,,,,,
 , , , , ,,,,,,,,,,,,,,,
Na II ,301.7341, ,363 769.03    ,2,,,,,,,,,,,,,,,
Na VIII , ,1.39E+07,1 492 980       ,0,,,,,,,,,,,,,,,
Na II ,301.8324, , ,  ,,,,,,,,,,,,,,,
Na VII , ,7.36E+05,1 187 890       , 5/2 ,,,,,,,,,,,,,,,
Na II ,301.998, , ,  ,,,,,,,,,,,,,,,
 , , , , ,,,,,,,,,,,,,,,
Na II ,302.137, , ,  ,,,,,,,,,,,,,,,
Na II ,302.2348,6.91E+05,332 962.57    ,2,,,,,,,,,,,,,,,
Na II ,302.4,2.30E+06,333 162.94    ,1,,,,,,,,,,,,,,,
Na II ,302.531, , ,  ,,,,,,,,,,,,,,,
Na VIII , ,2.47E+05,1 327 270       ,2,,,,,,,,,,,,,,,
 , , , , ,,,,,,,,,,,,,,,
Na III , ,6.49E-02,399 182.31    , 3/2 ,,,,,,,,,,,,,,,
Na II ,302.7062, ,363 814.78    ,3,,,,,,,,,,,,,,,
Na III , ,6.03E-01,399 174.71    , 5/2 ,,,,,,,,,,,,,,,
Na VIII , ,1.22E+05,1 327 230       ,1,,,,,,,,,,,,,,,
Na II ,302.907,9.90E+07,333 107.74    ,1,,,,,,,,,,,,,,,
 , , , , ,,,,,,,,,,,,,,,
Na II ,302.932,6.32E+06,330 636.75    ,1,,,,,,,,,,,,,,,
Na II ,303.126, ,363 769.03    ,2,,,,,,,,,,,,,,,
Na III , ,4.52E+03,406 550.63    , 3/2 ,,,,,,,,,,,,,,,
Na II ,303.7076,2.55E+08,332 802.21    ,2,,,,,,,,,,,,,,,
Na II ,303.872, , ,  ,,,,,,,,,,,,,,,
 , , , , ,,,,,,,,,,,,,,,
Na II ,304.013, , ,  ,,,,,,,,,,,,,,,
Na II ,304.2461,7.49E+05,332 962.57    ,2,,,,,,,,,,,,,,,
Na II ,304.31, , ,  ,,,,,,,,,,,,,,,
Na II ,304.56,6.92E+07,332 710.11    ,0,,,,,,,,,,,,,,,
Na II ,304.895, , ,  ,,,,,,,,,,,,,,,
 , , , , ,,,,,,,,,,,,,,,
Na VIII , ,3.37E+06,1 492 630       ,1,,,,,,,,,,,,,,,
Na II ,305.021,1.30E+08,333 162.94    ,1,,,,,,,,,,,,,,,
Na II ,305.3666,3.00E+08,332 841.93    ,3,,,,,,,,,,,,,,,
Na II ,305.5347,8.80E+06,333 107.74    ,1,,,,,,,,,,,,,,,
Na II ,305.5822, ,363 837.94    ,4,,,,,,,,,,,,,,,
 , , , , ,,,,,,,,,,,,,,,
Na II ,305.6161,7.46E+07,297 635.61    ,2,,,,,,,,,,,,,,,
Na II ,305.7375,4.51E+07,332 802.21    ,2,,,,,,,,,,,,,,,
Na II ,305.795, ,363 814.78    ,3,,,,,,,,,,,,,,,
Na II ,305.872,2.18E+07,331 873.93    ,1,,,,,,,,,,,,,,,
Na II ,306.0251, ,363 790.60    ,5,,,,,,,,,,,,,,,
 , , , , ,,,,,,,,,,,,,,,
Na II ,306.135,1.00E+08,333 162.94    ,1,,,,,,,,,,,,,,,
Na II ,306.1792, ,363 837.82    ,3,,,,,,,,,,,,,,,
Na II ,306.4375,7.62E+06,330 789.05    ,2,,,,,,,,,,,,,,,
Na II ,306.6223, ,363 790.64    ,4,,,,,,,,,,,,,,,
Na II ,306.6535,3.74E+07,333 107.74    ,1,,,,,,,,,,,,,,,
 , , , , ,,,,,,,,,,,,,,,
Na III , ,5.37E+03,406 190.15    , 5/2 ,,,,,,,,,,,,,,,
Na II ,307.0829,8.70E+06,331 745.06    ,1,,,,,,,,,,,,,,,
Na II ,307.4334,1.40E+08,331 707.90    ,3,,,,,,,,,,,,,,,
Na II ,307.8318,1.17E+08,298 165.44    ,1,,,,,,,,,,,,,,,
Na II ,307.8318,3.60E+05,331 665.59    ,2,,,,,,,,,,,,,,,
 , , , , ,,,,,,,,,,,,,,,
Na II ,307.8752,3.59E+06,330 636.75    ,1,,,,,,,,,,,,,,,
Na II ,308.0254,2.81E+08,332 962.57    ,2,,,,,,,,,,,,,,,
Na II ,308.293, , ,  ,,,,,,,,,,,,,,,
Na II ,308.357, , ,  ,,,,,,,,,,,,,,,
Na II ,308.557, , ,  ,,,,,,,,,,,,,,,
 , , , , ,,,,,,,,,,,,,,,
Na II ,308.706,1.66E+07,330 549.35    ,0,,,,,,,,,,,,,,,
Na II ,308.8263, ,365 173.42    ,3,,,,,,,,,,,,,,,
Na II ,308.999, , ,  ,,,,,,,,,,,,,,,
Na II ,309.2035, ,365 173.7     ,4,,,,,,,,,,,,,,,
Na II ,309.2732,2.09E+08,297 248.82    ,3,,,,,,,,,,,,,,,
 , , , , ,,,,,,,,,,,,,,,
Na II ,309.3089, , ,  ,,,,,,,,,,,,,,,
Na II ,309.4449,1.10E+06,331 496.51    ,2,,,,,,,,,,,,,,,
Na II ,309.467, , ,  ,,,,,,,,,,,,,,,
Na II ,309.5552,3.97E+05,332 802.21    ,2,,,,,,,,,,,,,,,
Na II ,309.648, , ,  ,,,,,,,,,,,,,,,
 , , , , ,,,,,,,,,,,,,,,
Na II ,309.671, , ,  ,,,,,,,,,,,,,,,
Na II ,309.773, ,363 769.03    ,2,,,,,,,,,,,,,,,
Na II ,309.902, , ,  ,,,,,,,,,,,,,,,
Na II ,309.98, , ,  ,,,,,,,,,,,,,,,
Na II ,310.277, , ,  ,,,,,,,,,,,,,,,
 , , , , ,,,,,,,,,,,,,,,
Na VIII , ,2.59E+07,1 513 730       ,1,,,,,,,,,,,,,,,
Na II ,310.3578, ,365 174.10    ,3,,,,,,,,,,,,,,,
Na II ,310.4403,5.63E+07,332 710.11    ,0,,,,,,,,,,,,,,,
Na III , ,2.48E+04,406 865.11    , 1/2 ,,,,,,,,,,,,,,,
Na II ,310.737, ,363 837.82    ,3,,,,,,,,,,,,,,,
 , , , , ,,,,,,,,,,,,,,,
Na II ,310.9538, ,363 815.38    ,2,,,,,,,,,,,,,,,
Na II ,311.023, , ,  ,,,,,,,,,,,,,,,
Na III , ,2.60E-01,399 182.31    , 3/2 ,,,,,,,,,,,,,,,
Na VIII , ,3.17E+06,1 491 980       ,2,,,,,,,,,,,,,,,
Na III , ,8.79E-02,399 174.71    , 5/2 ,,,,,,,,,,,,,,,
 , , , , ,,,,,,,,,,,,,,,
Na II ,311.1453, ,363 837.94    ,4,,,,,,,,,,,,,,,
Na II ,311.2924, , ,  ,,,,,,,,,,,,,,,
Na II ,311.3693, ,363 814.78    ,3,,,,,,,,,,,,,,,
Na II ,311.413, ,363 767.98    ,1,,,,,,,,,,,,,,,
Na II ,311.601, ,363 790.64    ,4,,,,,,,,,,,,,,,
 , , , , ,,,,,,,,,,,,,,,
Na II ,311.7231, ,363 815.38    ,2,,,,,,,,,,,,,,,
Na II ,311.8134, ,363 769.03    ,2,,,,,,,,,,,,,,,
Na II ,311.915, , ,  ,,,,,,,,,,,,,,,
Na VII , ,1.13E+06,1 593 920       , 7/2 ,,,,,,,,,,,,,,,
Na II ,312.1759, ,363 769.03    ,2,,,,,,,,,,,,,,,
 , , , , ,,,,,,,,,,,,,,,
Na II ,312.2935, , ,  ,,,,,,,,,,,,,,,
Na II ,312.4415,7.10E+07,331 186.70    ,3,,,,,,,,,,,,,,,
Na II ,312.5212,9.72E+06,331 873.93    ,1,,,,,,,,,,,,,,,
Na II ,312.644, , ,  ,,,,,,,,,,,,,,,
Na II ,312.9377,1.28E+08,297 635.61    ,2,,,,,,,,,,,,,,,
 , , , , ,,,,,,,,,,,,,,,
Na II ,312.9821, ,363 815.38    ,2,,,,,,,,,,,,,,,
Na II ,313.23, , ,  ,,,,,,,,,,,,,,,
Na II ,313.5483,7.42E+07,298 165.44    ,1,,,,,,,,,,,,,,,
Na III , ,3.37E+02,406 550.63    , 3/2 ,,,,,,,,,,,,,,,
Na II ,313.7861,1.41E+08,331 745.06    ,1,,,,,,,,,,,,,,,
 , , , , ,,,,,,,,,,,,,,,
Na VIII , ,5.16E+06,1 492 630       ,1,,,,,,,,,,,,,,,
Na II ,313.894, , ,  ,,,,,,,,,,,,,,,
Na VII , ,8.86E+06,1 186 630       , 3/2 ,,,,,,,,,,,,,,,
Na II ,314.052, , ,  ,,,,,,,,,,,,,,,
Na II ,314.095, , ,  ,,,,,,,,,,,,,,,
 , , , , ,,,,,,,,,,,,,,,
Na II ,314.121, , ,  ,,,,,,,,,,,,,,,
Na II ,314.182, , ,  ,,,,,,,,,,,,,,,
Na VII , ,3.59E+07,1 474 530?      , 1/2 ,,,,,,,,,,,,,,,
Na II ,314.267, , ,  ,,,,,,,,,,,,,,,
Na II ,314.5706,4.50E+07,331 665.59    ,2,,,,,,,,,,,,,,,
 , , , , ,,,,,,,,,,,,,,,
Na II ,314.694, , ,  ,,,,,,,,,,,,,,,
Na II ,314.9283,8.24E+07,300 507.11    ,1,,,,,,,,,,,,,,,
Na II ,315.049, , ,  ,,,,,,,,,,,,,,,
Na II ,315.078, , ,  ,,,,,,,,,,,,,,,
Na II ,315.144, , ,  ,,,,,,,,,,,,,,,
 , , , , ,,,,,,,,,,,,,,,
Na II ,315.203, , ,  ,,,,,,,,,,,,,,,
Na VII , ,9.05E+06,1 187 890       , 5/2 ,,,,,,,,,,,,,,,
Na II ,315.324, , ,  ,,,,,,,,,,,,,,,
Na II ,315.377, , ,  ,,,,,,,,,,,,,,,
Na II ,315.498, , ,  ,,,,,,,,,,,,,,,
 , , , , ,,,,,,,,,,,,,,,
Na II ,315.548, , ,  ,,,,,,,,,,,,,,,
Na IV , ,1.35E+00,556 796.      ,1,,,,,,,,,,,,,,,
Na II ,315.585, , ,  ,,,,,,,,,,,,,,,
Na IV , ,4.53E-01,556 796.      ,1,,,,,,,,,,,,,,,
Na II ,315.842, , ,  ,,,,,,,,,,,,,,,
 , , , , ,,,,,,,,,,,,,,,
Na II ,315.9527,6.50E+06,331 745.06    ,1,,,,,,,,,,,,,,,
Na III , ,5.83E-02,399 182.31    , 3/2 ,,,,,,,,,,,,,,,
Na II ,316.1154,4.36E+06,300 387.82    ,0,,,,,,,,,,,,,,,
Na II ,316.253,7.10E+05,331 496.51    ,2,,,,,,,,,,,,,,,
Na II ,316.3246,6.10E+06,331 707.90    ,3,,,,,,,,,,,,,,,
 , , , , ,,,,,,,,,,,,,,,
Na II ,316.3736,1.05E+08,330 789.05    ,2,,,,,,,,,,,,,,,
Na II ,316.525, , ,  ,,,,,,,,,,,,,,,
Na II ,316.636, , ,  ,,,,,,,,,,,,,,,
Na II ,316.677, , ,  ,,,,,,,,,,,,,,,
Na II ,316.7484,9.30E+06,331 665.59    ,2,,,,,,,,,,,,,,,
 , , , , ,,,,,,,,,,,,,,,
Na II ,316.958, , ,  ,,,,,,,,,,,,,,,
Na II ,317.162, , ,  ,,,,,,,,,,,,,,,
Na II ,317.27, , ,  ,,,,,,,,,,,,,,,
Na II ,317.342, , ,  ,,,,,,,,,,,,,,,
Na II ,317.5086,6.23E+07,331 873.93    ,1,,,,,,,,,,,,,,,
 , , , , ,,,,,,,,,,,,,,,
Na VIII , ,3.10E+07,1 294 230       ,1,,,,,,,,,,,,,,,
Na II ,317.9064,3.94E+07,330 636.75    ,1,,,,,,,,,,,,,,,
Na VII , ,5.32E+07,1 464 050       , 5/2 ,,,,,,,,,,,,,,,
Na II ,318.094, , ,  ,,,,,,,,,,,,,,,
Na II , ,1.10E+05,331 496.51    ,2,,,,,,,,,,,,,,,
 , , , , ,,,,,,,,,,,,,,,
Na II ,318.624, , ,  ,,,,,,,,,,,,,,,
Na II ,318.778, , ,  ,,,,,,,,,,,,,,,
Na VII , ,1.72E+07,1 474 530?      , 1/2 ,,,,,,,,,,,,,,,
Na II ,318.8127,1.90E+07,331 745.06    ,1,,,,,,,,,,,,,,,
Na II ,318.9002, , ,  ,,,,,,,,,,,,,,,
 , , , , ,,,,,,,,,,,,,,,
Na II ,318.979,7.30E+07,300 103.92    ,2,,,,,,,,,,,,,,,
Na II ,319.206, , ,  ,,,,,,,,,,,,,,,
Na II ,319.221, , ,  ,,,,,,,,,,,,,,,
Na II ,319.414, , ,  ,,,,,,,,,,,,,,,
Na II ,319.579, , ,  ,,,,,,,,,,,,,,,
 , , , , ,,,,,,,,,,,,,,,
Na II ,319.893, , ,  ,,,,,,,,,,,,,,,
Na II ,320.03,1.50E+06,331 745.06    ,1,,,,,,,,,,,,,,,
Na VIII , ,8.71E+06,1 491 980       ,2,,,,,,,,,,,,,,,
Na II ,320.421, , ,  ,,,,,,,,,,,,,,,
Na II ,320.489, , ,  ,,,,,,,,,,,,,,,
 , , , , ,,,,,,,,,,,,,,,
Na II , ,4.30E+03,331 665.59    ,2,,,,,,,,,,,,,,,
Na II ,320.851, , ,  ,,,,,,,,,,,,,,,
Na VII , ,8.79E+06,1 570 080       , 5/2 ,,,,,,,,,,,,,,,
Na VII , ,7.30E+06,1 570 080       , 3/2 ,,,,,,,,,,,,,,,
Na VII , ,1.46E+06,1 570 080       , 3/2 ,,,,,,,,,,,,,,,
 , , , , ,,,,,,,,,,,,,,,
Na II ,321.219,1.12E+08,299 885.37    ,1,,,,,,,,,,,,,,,
Na II ,321.282, , ,  ,,,,,,,,,,,,,,,
Na II ,321.477, , ,  ,,,,,,,,,,,,,,,
Na VII , ,8.39E+06,1 473 810?      , 3/2 ,,,,,,,,,,,,,,,
Na II ,321.6283,1.40E+07,331 186.70    ,3,,,,,,,,,,,,,,,
 , , , , ,,,,,,,,,,,,,,,
Na II ,321.752, , ,  ,,,,,,,,,,,,,,,
Na II ,322.1175, ,363 837.82    ,3,,,,,,,,,,,,,,,
Na II ,322.147, , ,  ,,,,,,,,,,,,,,,
Na II ,322.234, , ,  ,,,,,,,,,,,,,,,
Na IV , ,5.12E+06,643 625.6     ,2,,,,,,,,,,,,,,,
 , , , , ,,,,,,,,,,,,,,,
Na II ,322.3506, ,363 815.38    ,2,,,,,,,,,,,,,,,
Na II ,322.437, , ,  ,,,,,,,,,,,,,,,
Na II ,322.529, ,363 837.94    ,4,,,,,,,,,,,,,,,
Na II ,322.5977,1.80E+07,331 496.51    ,2,,,,,,,,,,,,,,,
Na II ,322.911, , ,  ,,,,,,,,,,,,,,,
 , , , , ,,,,,,,,,,,,,,,
Na II ,323.141, , ,  ,,,,,,,,,,,,,,,
Na VII , ,9.49E+05,1 592 820       , 5/2 ,,,,,,,,,,,,,,,
Na VII , ,6.76E+04,1 592 820       , 5/2 ,,,,,,,,,,,,,,,
Na II ,323.4927,1.83E+07,330 789.05    ,2,,,,,,,,,,,,,,,
Na II ,323.67, , ,  ,,,,,,,,,,,,,,,
 , , , , ,,,,,,,,,,,,,,,
Na II ,323.82, , ,  ,,,,,,,,,,,,,,,
Na II ,323.922, , ,  ,,,,,,,,,,,,,,,
Na II ,324.0324, ,363 814.78    ,3,,,,,,,,,,,,,,,
Na IV ,324.168,6.13E-01,30 839.8     ,2,,,,,,,,,,,,,,,
Na II ,324.206, , ,  ,,,,,,,,,,,,,,,
 , , , , ,,,,,,,,,,,,,,,
Na II ,324.452, , ,  ,,,,,,,,,,,,,,,
Na II ,324.488, , ,  ,,,,,,,,,,,,,,,
Na II ,324.742, , ,  ,,,,,,,,,,,,,,,
Na II ,324.791, , ,  ,,,,,,,,,,,,,,,
Na V , ,3.08E+05,878 320       , 7/2 ,,,,,,,,,,,,,,,
 , , , , ,,,,,,,,,,,,,,,
Na V , ,2.15E+05,878 320       , 5/2 ,,,,,,,,,,,,,,,
Na V , ,1.28E+05,878 320       , 3/2 ,,,,,,,,,,,,,,,
Na V , ,9.23E+04,878 320       , 5/2 ,,,,,,,,,,,,,,,
Na V , ,1.64E+05,878 320       , 3/2 ,,,,,,,,,,,,,,,
Na V , ,2.57E+05,878 320       , 1/2 ,,,,,,,,,,,,,,,
 , , , , ,,,,,,,,,,,,,,,
Na V , ,1.54E+04,878 320       , 3/2 ,,,,,,,,,,,,,,,
Na V , ,5.13E+04,878 320       , 1/2 ,,,,,,,,,,,,,,,
Na II ,324.846, , ,  ,,,,,,,,,,,,,,,
Na II ,325.0949,9.65E+06,330 636.75    ,1,,,,,,,,,,,,,,,
Na II ,325.168, , ,  ,,,,,,,,,,,,,,,
 , , , , ,,,,,,,,,,,,,,,
Na II ,325.439, , ,  ,,,,,,,,,,,,,,,
Na II ,325.471, , ,  ,,,,,,,,,,,,,,,
Na II ,325.511, , ,  ,,,,,,,,,,,,,,,
Na II ,325.7964,1.03E+08,330 789.05    ,2,,,,,,,,,,,,,,,
Na II ,326.021,4.65E+07,330 549.35    ,0,,,,,,,,,,,,,,,
 , , , , ,,,,,,,,,,,,,,,
Na II ,326.167, , ,  ,,,,,,,,,,,,,,,
Na II ,326.238, , ,  ,,,,,,,,,,,,,,,
Na VII , ,4.01E+07,1 473 810?      , 3/2 ,,,,,,,,,,,,,,,
Na II ,326.359, , ,  ,,,,,,,,,,,,,,,
Na II ,326.831, , ,  ,,,,,,,,,,,,,,,
 , , , , ,,,,,,,,,,,,,,,
Na II ,327.158, , ,  ,,,,,,,,,,,,,,,
Na II ,327.274, , ,  ,,,,,,,,,,,,,,,
Na II ,327.422,4.29E+07,330 636.75    ,1,,,,,,,,,,,,,,,
Na II ,327.802, , ,  ,,,,,,,,,,,,,,,
Na II ,327.877, , ,  ,,,,,,,,,,,,,,,
 , , , , ,,,,,,,,,,,,,,,
Na II ,328.025, , ,  ,,,,,,,,,,,,,,,
Na II ,328.278, , ,  ,,,,,,,,,,,,,,,
Na VII , ,8.60E+05,1 186 630       , 3/2 ,,,,,,,,,,,,,,,
Na II ,328.5602,1.10E+08,299 189.96    ,2,,,,,,,,,,,,,,,
Na VI , ,1.34E+05,1 258 610       ,2,,,,,,,,,,,,,,,
 , , , , ,,,,,,,,,,,,,,,
Na VI , ,7.58E+05,1 258 610       ,3,,,,,,,,,,,,,,,
Na II ,328.934, , ,  ,,,,,,,,,,,,,,,
Na II ,329.044, , ,  ,,,,,,,,,,,,,,,
Na II ,329.137, , ,  ,,,,,,,,,,,,,,,
Na II ,329.25, , ,  ,,,,,,,,,,,,,,,
 , , , , ,,,,,,,,,,,,,,,
Na II ,329.474, , ,  ,,,,,,,,,,,,,,,
Na II ,329.565, , ,  ,,,,,,,,,,,,,,,
Na II ,329.714, , ,  ,,,,,,,,,,,,,,,
Na II ,329.831, , ,  ,,,,,,,,,,,,,,,
Na II ,329.968, , ,  ,,,,,,,,,,,,,,,
 , , , , ,,,,,,,,,,,,,,,
Na II ,330.1349,4.54E+06,330 789.05    ,2,,,,,,,,,,,,,,,
Na I ,330.2369,2.75E+06,30 272.58    , 3/2 ,,,,,,,,,,,,,,,
Na I ,330.2979,2.73E+06,30 266.99    , 1/2 ,,,,,,,,,,,,,,,
Na II ,330.4957,3.60E+07,330 636.75    ,1,,,,,,,,,,,,,,,
Na II ,330.788, , ,  ,,,,,,,,,,,,,,,
 , , , , ,,,,,,,,,,,,,,,
Na II ,331.268, , ,  ,,,,,,,,,,,,,,,
Na II ,331.376, , ,  ,,,,,,,,,,,,,,,
Na II ,331.408, , ,  ,,,,,,,,,,,,,,,
Na II ,331.8039,4.14E+07,330 636.75    ,1,,,,,,,,,,,,,,,
Na II ,332.022, , ,  ,,,,,,,,,,,,,,,
 , , , , ,,,,,,,,,,,,,,,
Na II ,332.059, , ,  ,,,,,,,,,,,,,,,
Na II ,332.393, , ,  ,,,,,,,,,,,,,,,
Na II ,332.642, , ,  ,,,,,,,,,,,,,,,
Na II ,332.689, , ,  ,,,,,,,,,,,,,,,
Na II ,332.7689,9.45E+07,330 549.35    ,0,,,,,,,,,,,,,,,
 , , , , ,,,,,,,,,,,,,,,
Na II ,333.307, , ,  ,,,,,,,,,,,,,,,
Na II ,333.368, , ,  ,,,,,,,,,,,,,,,
Na II ,333.445, , ,  ,,,,,,,,,,,,,,,
Na II ,333.801, , ,  ,,,,,,,,,,,,,,,
Na II ,333.871, , ,  ,,,,,,,,,,,,,,,
 , , , , ,,,,,,,,,,,,,,,
Na II ,333.921, , ,  ,,,,,,,,,,,,,,,
Na II ,333.982, , ,  ,,,,,,,,,,,,,,,
Na VIII , ,2.04E+07,1 843 110       ,1,,,,,,,,,,,,,,,
Na II ,334.177, , ,  ,,,,,,,,,,,,,,,
Na II ,334.226, , ,  ,,,,,,,,,,,,,,,
 , , , , ,,,,,,,,,,,,,,,
Na II ,334.317, , ,  ,,,,,,,,,,,,,,,
Na II ,334.629, , ,  ,,,,,,,,,,,,,,,
Na II ,334.757, , ,  ,,,,,,,,,,,,,,,
Na II ,334.947, , ,  ,,,,,,,,,,,,,,,
Na II ,335.196, , ,  ,,,,,,,,,,,,,,,
 , , , , ,,,,,,,,,,,,,,,
Na II ,335.389, , ,  ,,,,,,,,,,,,,,,
Na II ,335.416, , ,  ,,,,,,,,,,,,,,,
Na II ,335.576, , ,  ,,,,,,,,,,,,,,,
Na II ,336.019, , ,  ,,,,,,,,,,,,,,,
Na IV ,336.22,1.83E-01,30 839.8     ,2,,,,,,,,,,,,,,,
 , , , , ,,,,,,,,,,,,,,,
Na II ,336.233, , ,  ,,,,,,,,,,,,,,,
Na II ,336.279, , ,  ,,,,,,,,,,,,,,,
Na II ,336.401, , ,  ,,,,,,,,,,,,,,,
Na II ,336.474, , ,  ,,,,,,,,,,,,,,,
Na II ,336.8632, , ,  ,,,,,,,,,,,,,,,
 , , , , ,,,,,,,,,,,,,,,
Na II ,336.939, , ,  ,,,,,,,,,,,,,,,
Na II ,337.222, , ,  ,,,,,,,,,,,,,,,
Na II ,337.48, , ,  ,,,,,,,,,,,,,,,
Na II ,337.548, , ,  ,,,,,,,,,,,,,,,
Na II ,337.871, , ,  ,,,,,,,,,,,,,,,
 , , , , ,,,,,,,,,,,,,,,
Na II ,338.033, , ,  ,,,,,,,,,,,,,,,
Na II ,338.475, , ,  ,,,,,,,,,,,,,,,
Na II ,338.727, , ,  ,,,,,,,,,,,,,,,
Na II ,338.785, , ,  ,,,,,,,,,,,,,,,
Na II ,339.538, , ,  ,,,,,,,,,,,,,,,
 , , , , ,,,,,,,,,,,,,,,
Na II ,339.578, , ,  ,,,,,,,,,,,,,,,
Na II ,339.88, , ,  ,,,,,,,,,,,,,,,
Na II ,339.926, , ,  ,,,,,,,,,,,,,,,
Na II ,340.0093,1.24E+06,298 165.44    ,1,,,,,,,,,,,,,,,
Na VII , ,9.85E+07,1 335 830       , 5/2 ,,,,,,,,,,,,,,,
 , , , , ,,,,,,,,,,,,,,,
Na VII , ,8.18E+07,1 335 810       , 3/2 ,,,,,,,,,,,,,,,
Na VII , ,1.64E+07,1 335 810       , 3/2 ,,,,,,,,,,,,,,,
Na II ,341.083, , ,  ,,,,,,,,,,,,,,,
Na I ,341.62,1.50E+07,293 010.3     , 3/2 ,,,,,,,,,,,,,,,
Na IV , ,2.19E-05,30 839.8     ,2,,,,,,,,,,,,,,,
 , , , , ,,,,,,,,,,,,,,,
Na II ,342.135, , ,  ,,,,,,,,,,,,,,,
Na II ,342.359, , ,  ,,,,,,,,,,,,,,,
Na II ,342.403, , ,  ,,,,,,,,,,,,,,,
Na II ,342.53, , ,  ,,,,,,,,,,,,,,,
Na I ,342.6862, ,29 172.887   , 3/2 ,,,,,,,,,,,,,,,
 , , , , ,,,,,,,,,,,,,,,
Na I ,342.73,2.80E+07,292 913.9     , 5/2 ,,,,,,,,,,,,,,,
Na II ,343.171, , ,  ,,,,,,,,,,,,,,,
Na II ,343.349, , ,  ,,,,,,,,,,,,,,,
Na II ,343.925, , ,  ,,,,,,,,,,,,,,,
Na II ,344.012, , ,  ,,,,,,,,,,,,,,,
 , , , , ,,,,,,,,,,,,,,,
Na II ,344.336, , ,  ,,,,,,,,,,,,,,,
Na VII , ,1.34E+07,1 461 590       , 5/2 ,,,,,,,,,,,,,,,
Na II ,345.017, , ,  ,,,,,,,,,,,,,,,
Na II ,345.088, , ,  ,,,,,,,,,,,,,,,
Na II ,345.528, , ,  ,,,,,,,,,,,,,,,
 , , , , ,,,,,,,,,,,,,,,
Na VII , ,2.22E+06,1 461 520       , 3/2 ,,,,,,,,,,,,,,,
Na II ,345.703, , ,  ,,,,,,,,,,,,,,,
Na II ,345.895, , ,  ,,,,,,,,,,,,,,,
Na II ,346.2491,3.61E+06,297 635.61    ,2,,,,,,,,,,,,,,,
Na II ,346.871, , ,  ,,,,,,,,,,,,,,,
 , , , , ,,,,,,,,,,,,,,,
Na II ,347.321, , ,  ,,,,,,,,,,,,,,,
Na II ,347.581, , ,  ,,,,,,,,,,,,,,,
Na V , ,2.55E+05,1 039 620?      , 5/2 ,,,,,,,,,,,,,,,
Na II ,348.2, , ,  ,,,,,,,,,,,,,,,
Na II ,348.302, , ,  ,,,,,,,,,,,,,,,
 , , , , ,,,,,,,,,,,,,,,
Na II ,348.574, , ,  ,,,,,,,,,,,,,,,
Na I ,348.9,4.20E+07,292 399.4     , 5/2 ,,,,,,,,,,,,,,,
Na IV , ,8.03E+05,641 193.      ,1,,,,,,,,,,,,,,,
Na II ,349.826, , ,  ,,,,,,,,,,,,,,,
Na I ,350.25,8.80E+07,292 289.2     , 3/2 ,,,,,,,,,,,,,,,
 , , , , ,,,,,,,,,,,,,,,
Na VII , ,1.25E+03,1 331 970       , 5/2 ,,,,,,,,,,,,,,,
Na I ,351.1,1.15E+08,292 219.6     , 1/2 ,,,,,,,,,,,,,,,
Na II ,351.695, , ,  ,,,,,,,,,,,,,,,
Na VII , ,1.72E+04,1 331 970       , 5/2 ,,,,,,,,,,,,,,,
Na II ,352.529, , ,  ,,,,,,,,,,,,,,,
 , , , , ,,,,,,,,,,,,,,,
Na II ,352.797, , ,  ,,,,,,,,,,,,,,,
Na II ,352.911, , ,  ,,,,,,,,,,,,,,,
Na II ,353.048, , ,  ,,,,,,,,,,,,,,,
Na II ,353.3052,8.81E+07,293 220.33    ,1,,,,,,,,,,,,,,,
Na V , ,2.54E+05,1 039 620?      , 3/2 ,,,,,,,,,,,,,,,
 , , , , ,,,,,,,,,,,,,,,
Na V , ,1.21E+04,1 039 620?      , 5/2 ,,,,,,,,,,,,,,,
Na II ,354.023, , ,  ,,,,,,,,,,,,,,,
Na II ,354.136, , ,  ,,,,,,,,,,,,,,,
Na II ,355.057, , ,  ,,,,,,,,,,,,,,,
Na II ,355.192, , ,  ,,,,,,,,,,,,,,,
 , , , , ,,,,,,,,,,,,,,,
Na II ,355.25, , ,  ,,,,,,,,,,,,,,,
Na II ,355.412, , ,  ,,,,,,,,,,,,,,,
Na V , ,2.89E+05,1 038 980?      , 7/2 ,,,,,,,,,,,,,,,
Na V , ,1.43E+04,1 038 980?      , 5/2 ,,,,,,,,,,,,,,,
Na II ,356.618, , ,  ,,,,,,,,,,,,,,,
 , , , , ,,,,,,,,,,,,,,,
Na II ,357.048, , ,  ,,,,,,,,,,,,,,,
Na II ,359.742, , ,  ,,,,,,,,,,,,,,,
Na II ,359.837, , ,  ,,,,,,,,,,,,,,,
Na II ,360.955, , ,  ,,,,,,,,,,,,,,,
Na VII , ,1.54E+04,1 331 140       , 3/2 ,,,,,,,,,,,,,,,
 , , , , ,,,,,,,,,,,,,,,
Na II ,361.558, , ,  ,,,,,,,,,,,,,,,
Na V , ,3.32E+05,1 038 980?      , 5/2 ,,,,,,,,,,,,,,,
Na V , ,1.02E+04,1 038 980?      , 7/2 ,,,,,,,,,,,,,,,
Na IV , ,7.55E+03,577 782.7     ,3,,,,,,,,,,,,,,,
Na VII , ,1.69E+03,1 331 140       , 3/2 ,,,,,,,,,,,,,,,
 , , , , ,,,,,,,,,,,,,,,
Na II ,363.1272,3.72E+07,293 220.33    ,1,,,,,,,,,,,,,,,
Na II ,366.865, , ,  ,,,,,,,,,,,,,,,
Na II ,369.42, , ,  ,,,,,,,,,,,,,,,
Na II ,370.1, , ,  ,,,,,,,,,,,,,,,
Na II ,370.158, , ,  ,,,,,,,,,,,,,,,
 , , , , ,,,,,,,,,,,,,,,
Na II ,371.107,1.02E+07,293 220.33    ,1,,,,,,,,,,,,,,,
Na V , ,7.87E+06,919 070       , 1/2 ,,,,,,,,,,,,,,,
Na V , ,1.96E+07,919 070       , 3/2 ,,,,,,,,,,,,,,,
Na X , ,1.14E+08,(11 706 708.0)    ,2,,,,,,,,,,,,,,,
Na X , ,1.14E+08,(11 706 688.9)    ,1,,,,,,,,,,,,,,,
 , , , , ,,,,,,,,,,,,,,,
Na X , ,1.14E+08,(11 706 684.1)    ,0,,,,,,,,,,,,,,,
Na II ,374.333, , ,  ,,,,,,,,,,,,,,,
Na VI , ,3.95E+06,1 254 750       ,4,,,,,,,,,,,,,,,
Na X , ,1.17E+08,(11 707 151.7)    ,1,,,,,,,,,,,,,,,
Na II ,379.825, , ,  ,,,,,,,,,,,,,,,
 , , , , ,,,,,,,,,,,,,,,
Na II ,380.653, , ,  ,,,,,,,,,,,,,,,
Na II ,381.312, , ,  ,,,,,,,,,,,,,,,
Na II ,381.461, , ,  ,,,,,,,,,,,,,,,
Na II ,382.05, , ,  ,,,,,,,,,,,,,,,
Na I ,383.36, ,293 010.3     , 3/2 ,,,,,,,,,,,,,,,
 , , , , ,,,,,,,,,,,,,,,
Na I ,384.8,2.80E+07,292 913.9     , 5/2 ,,,,,,,,,,,,,,,
Na VII , ,1.64E+05,1 198 290       , 1/2 ,,,,,,,,,,,,,,,
Na VII , ,1.64E+05,1 198 290       , 3/2 ,,,,,,,,,,,,,,,
Na I ,385.23, ,293 528       , 3/2 ,,,,,,,,,,,,,,,
Na II ,385.832, , ,  ,,,,,,,,,,,,,,,
 , , , , ,,,,,,,,,,,,,,,
Na I ,386.55,5.80E+07,292 449.7     , 7/2 ,,,,,,,,,,,,,,,
Na II ,387.126, , ,  ,,,,,,,,,,,,,,,
Na I ,387.29,1.20E+07,292 399.4     , 5/2 ,,,,,,,,,,,,,,,
Na II ,387.896, , ,  ,,,,,,,,,,,,,,,
Na I ,388.18,1.63E+08,292 340.6     , 9/2 ,,,,,,,,,,,,,,,
 , , , , ,,,,,,,,,,,,,,,
Na I , ,6.95E-04,25 739.999   , 1/2 ,,,,,,,,,,,,,,,
Na VI , ,4.00E+05,1 253 950       ,3,,,,,,,,,,,,,,,
Na I ,388.57,6.20E+07,293 010.3     , 3/2 ,,,,,,,,,,,,,,,
Na VIII , ,3.84E+07,1 838 910       ,1,,,,,,,,,,,,,,,
Na II ,388.722, , ,  ,,,,,,,,,,,,,,,
 , , , , ,,,,,,,,,,,,,,,
Na II ,388.887, , ,  ,,,,,,,,,,,,,,,
Na II ,389.578, , ,  ,,,,,,,,,,,,,,,
Na II ,389.692, , ,  ,,,,,,,,,,,,,,,
Na I ,390.04,7.70E+07,292 913.9     , 5/2 ,,,,,,,,,,,,,,,
Na II ,390.167, , ,  ,,,,,,,,,,,,,,,
 , , , , ,,,,,,,,,,,,,,,
Na II ,390.369, , ,  ,,,,,,,,,,,,,,,
Na II ,390.474, , ,  ,,,,,,,,,,,,,,,
Na II ,391.026, , ,  ,,,,,,,,,,,,,,,
Na I ,391.18, ,293 133.1     , 1/2 ,,,,,,,,,,,,,,,
Na III , ,2.70E-01,399 182.31    , 3/2 ,,,,,,,,,,,,,,,
 , , , , ,,,,,,,,,,,,,,,
Na III , ,1.19E-01,399 174.71    , 5/2 ,,,,,,,,,,,,,,,
Na I ,391.79,6.60E+07,292 449.7     , 7/2 ,,,,,,,,,,,,,,,
Na VII , ,8.01E+05,1 331 970       , 5/2 ,,,,,,,,,,,,,,,
Na VIII , ,1.17E+07,1 485 340       ,2,,,,,,,,,,,,,,,
Na I ,392.56,4.50E+07,292 399.4     , 5/2 ,,,,,,,,,,,,,,,
 , , , , ,,,,,,,,,,,,,,,
Na II ,392.671, , ,  ,,,,,,,,,,,,,,,
Na I ,393.06,2.50E+07,293 010.3     , 3/2 ,,,,,,,,,,,,,,,
Na II ,393.696, , ,  ,,,,,,,,,,,,,,,
Na II ,393.945, , ,  ,,,,,,,,,,,,,,,
Na II ,394.15, , ,  ,,,,,,,,,,,,,,,
 , , , , ,,,,,,,,,,,,,,,
Na I ,394.26,2.10E+07,292 289.2     , 3/2 ,,,,,,,,,,,,,,,
Na II ,394.298, , ,  ,,,,,,,,,,,,,,,
Na VIII , ,1.52E+07,1 486 080       ,3,,,,,,,,,,,,,,,
Na VIII , ,6.36E+06,1 485 140       ,1,,,,,,,,,,,,,,,
Na X , ,1.45E+08,(11 706 079)      ,1,,,,,,,,,,,,,,,
 , , , , ,,,,,,,,,,,,,,,
Na X , ,8.72E+07,(11 706 079)      ,1,,,,,,,,,,,,,,,
Na X , ,2.91E+07,(11 706 079)      ,1,,,,,,,,,,,,,,,
Na V , ,2.75E+07,919 070       , 5/2 ,,,,,,,,,,,,,,,
Na V , ,1.77E+07,919 070       , 3/2 ,,,,,,,,,,,,,,,
Na X , ,2.49E+08,(11 706 685)      ,0,,,,,,,,,,,,,,,
 , , , , ,,,,,,,,,,,,,,,
Na VI , ,1.48E+04,1 253 370       ,2,,,,,,,,,,,,,,,
Na I ,398.03,5.00E+06,292 399.4     , 5/2 ,,,,,,,,,,,,,,,
Na IV , ,6.07E-01,550 186.      ,2,,,,,,,,,,,,,,,
Na II ,398.585, , ,  ,,,,,,,,,,,,,,,
Na IV , ,4.28E-01,550 186.      ,2,,,,,,,,,,,,,,,
 , , , , ,,,,,,,,,,,,,,,
Na IV , ,1.15E-01,550 186.      ,2,,,,,,,,,,,,,,,
Na IV , ,3.77E-08,550 157.      ,1,,,,,,,,,,,,,,,
Na IV , ,7.15E-01,550 158.?     ,0,,,,,,,,,,,,,,,
Na IV , ,7.13E-01,550 157.      ,1,,,,,,,,,,,,,,,
Na II ,399.697, , ,  ,,,,,,,,,,,,,,,
 , , , , ,,,,,,,,,,,,,,,
Na I ,399.77,8.00E+06,292 289.2     , 3/2 ,,,,,,,,,,,,,,,
Na II ,399.878, , ,  ,,,,,,,,,,,,,,,
Na II ,400.363, , ,  ,,,,,,,,,,,,,,,
Na II ,400.498, , ,  ,,,,,,,,,,,,,,,
Na I ,400.88,1.50E+07,292 219.6     , 1/2 ,,,,,,,,,,,,,,,
 , , , , ,,,,,,,,,,,,,,,
Na V , ,6.56E-01,73 267.1     , 3/2 ,,,,,,,,,,,,,,,
Na V , ,2.26E-01,73 267.1     , 3/2 ,,,,,,,,,,,,,,,
Na V , ,1.29E-01,73 232.7     , 1/2 ,,,,,,,,,,,,,,,
Na V , ,1.16E+00,73 267.1     , 3/2 ,,,,,,,,,,,,,,,
Na V , ,9.47E-02,73 267.1     , 3/2 ,,,,,,,,,,,,,,,
 , , , , ,,,,,,,,,,,,,,,
Na V , ,7.22E-01,73 232.7     , 1/2 ,,,,,,,,,,,,,,,
Na V , ,1.92E-01,73 232.7     , 1/2 ,,,,,,,,,,,,,,,
Na II ,402.793, , ,  ,,,,,,,,,,,,,,,
Na X , ,1.60E+07,(10 583 485.7)    ,2,,,,,,,,,,,,,,,
Na VII , ,6.05E+05,1 331 140       , 3/2 ,,,,,,,,,,,,,,,
 , , , , ,,,,,,,,,,,,,,,
Na VII , ,1.21E+05,1 331 140       , 3/2 ,,,,,,,,,,,,,,,
Na II ,405.6007, ,355 284.53    ,2,,,,,,,,,,,,,,,
Na I ,405.66, ,292 219.6     , 1/2 ,,,,,,,,,,,,,,,
Na II ,405.967, , ,  ,,,,,,,,,,,,,,,
Na VIII , ,3.49E+06,1 485 340       ,2,,,,,,,,,,,,,,,
 , , , , ,,,,,,,,,,,,,,,
Na III , ,7.79E-02,399 182.31    , 3/2 ,,,,,,,,,,,,,,,
Na II ,408.1369, ,355 283.70    ,3,,,,,,,,,,,,,,,
Na II ,408.7603,3.81E+05,293 220.33    ,1,,,,,,,,,,,,,,,
Na VIII , ,3.78E+05,1 485 140       ,1,,,,,,,,,,,,,,,
Na II ,410.735, , ,  ,,,,,,,,,,,,,,,
 , , , , ,,,,,,,,,,,,,,,
Na II ,411.3704,3.70E+07,333 162.94    ,1,,,,,,,,,,,,,,,
Na II ,412.3082,2.70E+07,333 107.74    ,1,,,,,,,,,,,,,,,
Na II ,412.703, , ,  ,,,,,,,,,,,,,,,
Na I ,412.79, ,[41 174.705]  , 3/2 ,,,,,,,,,,,,,,,
Na VII , ,3.07E+06,1 127 430       , 3/2 ,,,,,,,,,,,,,,,
 , , , , ,,,,,,,,,,,,,,,
Na I ,413.082,8.62E+03,[41 174.705]  , 3/2 ,,,,,,,,,,,,,,,
Na I ,413.082,5.17E+04,[41 174.705]  , 5/2 ,,,,,,,,,,,,,,,
Na I ,413.291, ,[41 145.000]  , 3/2 ,,,,,,,,,,,,,,,
Na I ,413.481, ,[41 134.023]  , 1/2 ,,,,,,,,,,,,,,,
Na I ,413.584,1.01E+04,[41 145.000]  , 3/2 ,,,,,,,,,,,,,,,
 , , , , ,,,,,,,,,,,,,,,
Na I ,413.584,6.06E+04,[41 144.999]  , 5/2 ,,,,,,,,,,,,,,,
Na I ,413.774,3.40E+04,[41 134.023]  , 1/2 ,,,,,,,,,,,,,,,
Na I ,413.89, ,[41 110.202]  , 3/2 ,,,,,,,,,,,,,,,
Na I ,414.108, ,[41 097.271]  , 1/2 ,,,,,,,,,,,,,,,
Na I ,414.184,1.12E+04,[41 110.202]  , 3/2 ,,,,,,,,,,,,,,,
 , , , , ,,,,,,,,,,,,,,,
Na I ,414.184,6.72E+04,[41 110.202]  , 5/2 ,,,,,,,,,,,,,,,
Na I ,414.403,4.01E+04,[41 097.271]  , 1/2 ,,,,,,,,,,,,,,,
Na I ,414.598, ,[41 069.080]  , 3/2 ,,,,,,,,,,,,,,,
Na I ,414.62, ,293 010.3     , 3/2 ,,,,,,,,,,,,,,,
Na I ,414.861, ,[41 053.701]  , 1/2 ,,,,,,,,,,,,,,,
 , , , , ,,,,,,,,,,,,,,,
Na I ,414.893,1.42E+04,[41 069.080]  , 3/2 ,,,,,,,,,,,,,,,
Na I ,414.893,8.52E+04,[41 069.079]  , 5/2 ,,,,,,,,,,,,,,,
Na II ,414.907, ,355 281.16    ,4,,,,,,,,,,,,,,,
Na I ,415.175,4.78E+04,[41 053.701]  , 1/2 ,,,,,,,,,,,,,,,
Na I ,415.444, ,[41 020.001]  , 3/2 ,,,,,,,,,,,,,,,
 , , , , ,,,,,,,,,,,,,,,
Na I ,415.7, ,293 133.1     , 1/2 ,,,,,,,,,,,,,,,
Na I ,415.74,1.71E+04,[41 020.001]  , 3/2 ,,,,,,,,,,,,,,,
Na I ,415.74,1.03E+05,[41 020.000]  , 5/2 ,,,,,,,,,,,,,,,
Na I ,415.76, ,[41 001.515]  , 1/2 ,,,,,,,,,,,,,,,
Na I ,416.057,5.76E+04,[41 001.515]  , 1/2 ,,,,,,,,,,,,,,,
 , , , , ,,,,,,,,,,,,,,,
Na I ,416.47, ,[40 960.771]  , 3/2 ,,,,,,,,,,,,,,,
Na X , ,1.47E+07,(10 582 774.2)    ,1,,,,,,,,,,,,,,,
Na II ,416.527, , ,  ,,,,,,,,,,,,,,,
Na I ,416.767,2.09E+04,[40 960.771]  , 3/2 ,,,,,,,,,,,,,,,
Na I ,416.767,1.25E+05,[40 960.771]  , 5/2 ,,,,,,,,,,,,,,,
 , , , , ,,,,,,,,,,,,,,,
Na II ,416.803, , ,  ,,,,,,,,,,,,,,,
Na I ,416.858, ,[40 938.281]  , 1/2 ,,,,,,,,,,,,,,,
Na I ,417.156,7.03E+04,[40 938.281]  , 1/2 ,,,,,,,,,,,,,,,
Na II ,417.193, , ,  ,,,,,,,,,,,,,,,
Na II ,417.288, , ,  ,,,,,,,,,,,,,,,
 , , , , ,,,,,,,,,,,,,,,
Na VI , ,3.90E+06,1 040 220       ,2,,,,,,,,,,,,,,,
Na VI , ,2.90E+06,1 040 220       ,3,,,,,,,,,,,,,,,
Na VI , ,6.50E+06,1 040 220       ,1,,,,,,,,,,,,,,,
Na VI , ,4.06E+06,1 040 220       ,2,,,,,,,,,,,,,,,
Na VI , ,1.95E+07,1 040 220       ,1,,,,,,,,,,,,,,,
 , , , , ,,,,,,,,,,,,,,,
Na VI , ,1.81E+07,1 040 220       ,2,,,,,,,,,,,,,,,
Na VI , ,2.31E+07,1 040 220       ,3,,,,,,,,,,,,,,,
Na II ,417.413, , ,  ,,,,,,,,,,,,,,,
Na I ,417.67,3.50E+07,292 449.7     , 7/2 ,,,,,,,,,,,,,,,
Na I ,417.723, ,[40 888.387]  , 3/2 ,,,,,,,,,,,,,,,
 , , , , ,,,,,,,,,,,,,,,
Na I ,418.022,2.58E+04,[40 888.387]  , 3/2 ,,,,,,,,,,,,,,,
Na I ,418.022,1.55E+05,[40 888.386]  , 5/2 ,,,,,,,,,,,,,,,
Na I ,418.209, ,[40 860.648]  , 1/2 ,,,,,,,,,,,,,,,
Na I ,418.509,8.70E+04,[40 860.648]  , 1/2 ,,,,,,,,,,,,,,,
Na I ,418.55,4.90E+07,292 399.4     , 5/2 ,,,,,,,,,,,,,,,
 , , , , ,,,,,,,,,,,,,,,
Na I ,419.297, ,[40 798.644]  , 3/2 ,,,,,,,,,,,,,,,
Na VII , ,1.07E+07,1 593 920       , 7/2 ,,,,,,,,,,,,,,,
Na X , ,1.44E+07,(10 582 604.8)    ,0,,,,,,,,,,,,,,,
Na II ,419.402, , ,  ,,,,,,,,,,,,,,,
Na I ,419.598,3.27E+04,[40 798.644]  , 3/2 ,,,,,,,,,,,,,,,
 , , , , ,,,,,,,,,,,,,,,
Na I ,419.598,1.96E+05,[40 798.642]  , 5/2 ,,,,,,,,,,,,,,,
Na VII , ,2.26E+05,1 422 890       , 5/2 ,,,,,,,,,,,,,,,
Na I ,419.914, ,[40 763.884]  , 1/2 ,,,,,,,,,,,,,,,
Na I ,420.216,1.09E+05,[40 763.884]  , 1/2 ,,,,,,,,,,,,,,,
Na II ,420.2764, ,355 283.70    ,3,,,,,,,,,,,,,,,
 , , , , ,,,,,,,,,,,,,,,
Na II ,420.484, , ,  ,,,,,,,,,,,,,,,
Na I ,420.49,2.50E+07,292 289.2     , 3/2 ,,,,,,,,,,,,,,,
Na II ,420.872, , ,  ,,,,,,,,,,,,,,,
Na I ,421.309, ,[40 685.509]  , 3/2 ,,,,,,,,,,,,,,,
Na I ,421.613,4.20E+04,[40 685.509]  , 3/2 ,,,,,,,,,,,,,,,
 , , , , ,,,,,,,,,,,,,,,
Na I ,421.613,2.52E+05,[40 685.509]  , 5/2 ,,,,,,,,,,,,,,,
Na II ,421.627, , ,  ,,,,,,,,,,,,,,,
Na I ,422.076, ,[40 641.148]  , 1/2 ,,,,,,,,,,,,,,,
Na I ,422.381,1.40E+05,[40 641.148]  , 1/2 ,,,,,,,,,,,,,,,
Na II ,423.096, , ,  ,,,,,,,,,,,,,,,
 , , , , ,,,,,,,,,,,,,,,
Na II ,423.272, ,355 284.53    ,2,,,,,,,,,,,,,,,
Na II ,423.326, ,355 280.89    ,3,,,,,,,,,,,,,,,
Na I ,423.8987, ,[40 540.095]  , 3/2 ,,,,,,,,,,,,,,,
Na VII , ,1.14E+07,1 126 810       , 1/2 ,,,,,,,,,,,,,,,
Na II ,424.037, ,355 284.53    ,2,,,,,,,,,,,,,,,
 , , , , ,,,,,,,,,,,,,,,
Na II ,424.037, ,355 283.70    ,3,,,,,,,,,,,,,,,
Na II ,424.0903, ,355 281.16    ,4,,,,,,,,,,,,,,,
Na I ,424.2082,5.54E+04,[40 540.095]  , 3/2 ,,,,,,,,,,,,,,,
Na I ,424.2082,3.32E+05,[40 540.093]  , 5/2 ,,,,,,,,,,,,,,,
Na II ,424.281, , ,  ,,,,,,,,,,,,,,,
 , , , , ,,,,,,,,,,,,,,,
Na II ,424.341, , ,  ,,,,,,,,,,,,,,,
Na II ,424.683, , ,  ,,,,,,,,,,,,,,,
Na I ,424.941, ,40 482.236   , 1/2 ,,,,,,,,,,,,,,,
Na I ,425.252,1.84E+05,40 482.236   , 1/2 ,,,,,,,,,,,,,,,
Na I ,425.38,5.00E+06,292 399.4     , 5/2 ,,,,,,,,,,,,,,,
 , , , , ,,,,,,,,,,,,,,,
Na II ,426.058, , ,  ,,,,,,,,,,,,,,,
Na I ,427.3642,3.91E+05,40 348.918   , 3/2 ,,,,,,,,,,,,,,,
Na I ,427.39,1.60E+07,292 289.2     , 3/2 ,,,,,,,,,,,,,,,
Na I ,427.6787,7.80E+04,40 348.918   , 3/2 ,,,,,,,,,,,,,,,
Na I ,427.6787,4.69E+05,40 348.915   , 5/2 ,,,,,,,,,,,,,,,
 , , , , ,,,,,,,,,,,,,,,
Na I ,428.67,2.80E+07,292 219.6     , 1/2 ,,,,,,,,,,,,,,,
Na I ,428.7838, ,40 271.396   , 1/2 ,,,,,,,,,,,,,,,
Na II ,429.038, , ,  ,,,,,,,,,,,,,,,
Na I ,429.1006,2.47E+05,40 271.396   , 1/2 ,,,,,,,,,,,,,,,
Na II ,429.2488, ,353 926.69    ,2,,,,,,,,,,,,,,,
 , , , , ,,,,,,,,,,,,,,,
Na II ,429.2864, ,353 837.23    ,1,,,,,,,,,,,,,,,
Na II ,430.219, , ,  ,,,,,,,,,,,,,,,
Na II ,430.453, , ,  ,,,,,,,,,,,,,,,
Na II ,430.587, , ,  ,,,,,,,,,,,,,,,
Na II ,430.675, , ,  ,,,,,,,,,,,,,,,
 , , , , ,,,,,,,,,,,,,,,
Na II ,430.8817, ,353 838.44    ,2,,,,,,,,,,,,,,,
Na II ,430.9043, ,353 837.23    ,1,,,,,,,,,,,,,,,
Na V , ,6.61E-01,373 945       , 1/2 ,,,,,,,,,,,,,,,
Na II ,432.0751, ,353 926.69    ,2,,,,,,,,,,,,,,,
Na II ,432.0913, ,353 925.81    ,3,,,,,,,,,,,,,,,
 , , , , ,,,,,,,,,,,,,,,
Na I ,432.14, ,40 090.31    , 3/2 ,,,,,,,,,,,,,,,
Na I ,432.4615,1.14E+05,40 090.31    , 3/2 ,,,,,,,,,,,,,,,
Na I ,432.4615,6.84E+05,40 090.31    , 5/2 ,,,,,,,,,,,,,,,
Na I ,432.63, ,286 849.5     , 3/2 ,,,,,,,,,,,,,,,
Na II ,432.698, , ,  ,,,,,,,,,,,,,,,
 , , , , ,,,,,,,,,,,,,,,
Na II ,433.442, , ,  ,,,,,,,,,,,,,,,
Na II ,433.7294, ,353 838.44    ,2,,,,,,,,,,,,,,,
Na II ,433.752, ,353 837.23    ,1,,,,,,,,,,,,,,,
Na I ,434.1489,3.26E+05,39 983.27    , 1/2 ,,,,,,,,,,,,,,,
Na II ,434.4108,4.32E+07,331 873.93    ,1,,,,,,,,,,,,,,,
 , , , , ,,,,,,,,,,,,,,,
Na I ,434.4736,6.50E+05,39 983.27    , 1/2 ,,,,,,,,,,,,,,,
Na VI , ,5.57E+03,1 090 760       ,2,,,,,,,,,,,,,,,
Na II ,435.36, , ,  ,,,,,,,,,,,,,,,
Na VII , ,6.58E+07,1 561 890?      , 5/2 ,,,,,,,,,,,,,,,
Na VII , ,5.48E+07,1 561 890?      , 3/2 ,,,,,,,,,,,,,,,
 , , , , ,,,,,,,,,,,,,,,
Na VII , ,1.10E+07,1 561 890?      , 3/2 ,,,,,,,,,,,,,,,
Na II ,436.86,3.59E+07,331 745.06    ,1,,,,,,,,,,,,,,,
Na II ,437.5215, ,353 972.63    ,4,,,,,,,,,,,,,,,
Na II ,437.819, , ,  ,,,,,,,,,,,,,,,
Na VII , ,1.30E+05,1 668 940?      , 3/2 ,,,,,,,,,,,,,,,
 , , , , ,,,,,,,,,,,,,,,
Na VII , ,2.57E+05,1 668 940?      , 3/2 ,,,,,,,,,,,,,,,
Na VII , ,1.29E+07,1 127 430       , 3/2 ,,,,,,,,,,,,,,,
Na VII , ,4.38E+06,1 415 630       , 5/2 ,,,,,,,,,,,,,,,
Na VII , ,3.13E+05,1 415 630       , 5/2 ,,,,,,,,,,,,,,,
Na VII , ,4.68E+05,1 415 630       , 3/2 ,,,,,,,,,,,,,,,
 , , , , ,,,,,,,,,,,,,,,
Na VII , ,4.21E+06,1 415 630       , 3/2 ,,,,,,,,,,,,,,,
Na II ,438.4194, ,353 925.81    ,3,,,,,,,,,,,,,,,
Na II ,438.7489, ,353 972.42    ,3,,,,,,,,,,,,,,,
Na VI , ,8.11E+04,1 090 760       ,2,,,,,,,,,,,,,,,
Na I ,439.0029,9.83E+05,39 728.70    , 3/2 ,,,,,,,,,,,,,,,
 , , , , ,,,,,,,,,,,,,,,
Na II ,439.2814, ,353 881.13    ,5,,,,,,,,,,,,,,,
Na I ,439.334,1.17E+06,39 728.70    , 5/2 ,,,,,,,,,,,,,,,
Na I ,439.334,1.95E+05,39 728.70    , 3/2 ,,,,,,,,,,,,,,,
Na II ,439.6317, ,353 926.69    ,2,,,,,,,,,,,,,,,
Na VII , ,8.67E+06,1 592 820       , 5/2 ,,,,,,,,,,,,,,,
 , , , , ,,,,,,,,,,,,,,,
Na VII , ,6.17E+05,1 592 820       , 5/2 ,,,,,,,,,,,,,,,
Na II ,440.141, , ,  ,,,,,,,,,,,,,,,
Na II ,440.5113, ,353 881.16    ,4,,,,,,,,,,,,,,,
Na I ,441.9885,2.82E+05,39 574.85    , 1/2 ,,,,,,,,,,,,,,,
Na I ,442.3246,5.61E+05,39 574.85    , 1/2 ,,,,,,,,,,,,,,,
 , , , , ,,,,,,,,,,,,,,,
Na I ,443.23,1.40E+07,286 300.4     , 5/2 ,,,,,,,,,,,,,,,
Na II ,443.518, , ,  ,,,,,,,,,,,,,,,
Na IV , ,1.75E+04,594 934.      ,3,,,,,,,,,,,,,,,
Na II ,443.847, , ,  ,,,,,,,,,,,,,,,
Na IV , ,2.85E+04,594 899.2     ,2,,,,,,,,,,,,,,,
 , , , , ,,,,,,,,,,,,,,,
Na VI , ,4.38E+05,1 090 760       ,2,,,,,,,,,,,,,,,
Na II ,444.1, , ,  ,,,,,,,,,,,,,,,
Na IV , ,1.44E+05,594 888.1     ,1,,,,,,,,,,,,,,,
Na IV , ,1.41E+05,594 899.2     ,2,,,,,,,,,,,,,,,
Na II ,444.259, , ,  ,,,,,,,,,,,,,,,
 , , , , ,,,,,,,,,,,,,,,
Na II ,444.32, , ,  ,,,,,,,,,,,,,,,
Na IV , ,5.47E+04,594 888.1     ,1,,,,,,,,,,,,,,,
Na II ,444.5928, , ,  ,,,,,,,,,,,,,,,
Na II ,444.6695, ,355 284.53    ,2,,,,,,,,,,,,,,,
Na II ,444.7411, ,355 280.89    ,3,,,,,,,,,,,,,,,
 , , , , ,,,,,,,,,,,,,,,
Na II ,445.183, , ,  ,,,,,,,,,,,,,,,
Na II ,445.4564, ,355 284.53    ,2,,,,,,,,,,,,,,,
Na II ,445.4736, ,355 283.70    ,3,,,,,,,,,,,,,,,
Na II ,445.5224, ,355 281.16    ,4,,,,,,,,,,,,,,,
Na II ,445.7025, ,353 926.69    ,2,,,,,,,,,,,,,,,
 , , , , ,,,,,,,,,,,,,,,
Na II ,445.7223, ,353 925.81    ,3,,,,,,,,,,,,,,,
Na II ,445.951, , ,  ,,,,,,,,,,,,,,,
Na VII , ,1.84E+06,1 474 530?      , 1/2 ,,,,,,,,,,,,,,,
Na IV , ,1.69E+05,594 934.      ,3,,,,,,,,,,,,,,,
Na IV , ,9.08E+05,572 546.0     ,3,,,,,,,,,,,,,,,
 , , , , ,,,,,,,,,,,,,,,
Na II ,447.21, , ,  ,,,,,,,,,,,,,,,
Na IV , ,3.36E+04,594 899.2     ,2,,,,,,,,,,,,,,,
Na II ,447.274, , ,  ,,,,,,,,,,,,,,,
Na II ,447.4633, ,353 838.44    ,2,,,,,,,,,,,,,,,
Na II ,447.8623, ,355 284.53    ,2,,,,,,,,,,,,,,,
 , , , , ,,,,,,,,,,,,,,,
Na II ,447.8797, ,355 283.70    ,3,,,,,,,,,,,,,,,
Na II ,448.0423, , ,  ,,,,,,,,,,,,,,,
Na II ,448.1664, ,353 972.42    ,3,,,,,,,,,,,,,,,
Na II ,448.779, , ,  ,,,,,,,,,,,,,,,
Na II ,449.0162, ,353 972.63    ,4,,,,,,,,,,,,,,,
 , , , , ,,,,,,,,,,,,,,,
Na II ,449.0869, ,353 926.69    ,2,,,,,,,,,,,,,,,
Na II ,449.1037, ,353 925.81    ,3,,,,,,,,,,,,,,,
Na I ,449.4177,1.23E+06,39 200.93    , 3/2 ,,,,,,,,,,,,,,,
Na IV , ,7.00E+05,572 393.8     ,2,,,,,,,,,,,,,,,
Na II ,449.615, , ,  ,,,,,,,,,,,,,,,
 , , , , ,,,,,,,,,,,,,,,
Na I ,449.7658,1.46E+06,39 200.93    , 5/2 ,,,,,,,,,,,,,,,
Na I ,449.7658,2.44E+05,39 200.93    , 3/2 ,,,,,,,,,,,,,,,
Na IV , ,3.29E+05,572 379.5     ,1,,,,,,,,,,,,,,,
Na IV , ,4.87E+05,572 379.5     ,1,,,,,,,,,,,,,,,
Na II ,449.9431, ,353 926.69    ,2,,,,,,,,,,,,,,,
 , , , , ,,,,,,,,,,,,,,,
Na II ,449.9615, ,353 925.81    ,3,,,,,,,,,,,,,,,
Na VII , ,7.52E+03,1 668 340?      , 5/2 ,,,,,,,,,,,,,,,
Na VII , ,6.78E+04,1 668 340?      , 5/2 ,,,,,,,,,,,,,,,
Na VII , ,3.01E+05,1 668 340?      , 5/2 ,,,,,,,,,,,,,,,
Na IV , ,1.78E+05,572 393.8     ,2,,,,,,,,,,,,,,,
 , , , , ,,,,,,,,,,,,,,,
Na II ,450.3693, , ,  ,,,,,,,,,,,,,,,
Na IV , ,2.10E+04,572 379.5     ,1,,,,,,,,,,,,,,,
Na II ,450.6972, ,353 926.69    ,2,,,,,,,,,,,,,,,
Na II ,450.8997, ,353 837.23    ,1,,,,,,,,,,,,,,,
Na VII , ,4.74E+06,1 126 810       , 1/2 ,,,,,,,,,,,,,,,
 , , , , ,,,,,,,,,,,,,,,
Na II ,451.0475, , ,  ,,,,,,,,,,,,,,,
Na II ,451.441, , ,  ,,,,,,,,,,,,,,,
Na II ,451.738, ,353 838.44    ,2,,,,,,,,,,,,,,,
Na II ,451.9201, ,355 284.53    ,2,,,,,,,,,,,,,,,
Na II ,452.4977, ,353 838.44    ,2,,,,,,,,,,,,,,,
 , , , , ,,,,,,,,,,,,,,,
Na II ,452.661, , ,  ,,,,,,,,,,,,,,,
Na II ,452.931, ,365 043.5     ,1,,,,,,,,,,,,,,,
Na II ,453.3323, ,353 926.69    ,2,,,,,,,,,,,,,,,
Na II ,453.803, , ,  ,,,,,,,,,,,,,,,
Na I ,454.1633,3.76E+05,38 968.51    , 1/2 ,,,,,,,,,,,,,,,
 , , , , ,,,,,,,,,,,,,,,
Na I ,454.5186,7.50E+05,38 968.51    , 1/2 ,,,,,,,,,,,,,,,
Na V , ,1.41E-01,372 744       , 3/2 ,,,,,,,,,,,,,,,
Na II ,454.7845, , ,  ,,,,,,,,,,,,,,,
Na II ,454.95, , ,  ,,,,,,,,,,,,,,,
Na II ,455.1518, ,353 838.44    ,2,,,,,,,,,,,,,,,
 , , , , ,,,,,,,,,,,,,,,
Na II ,455.1787, ,353 837.23    ,1,,,,,,,,,,,,,,,
Na II ,455.832, , ,  ,,,,,,,,,,,,,,,
Na II ,456.907, , ,  ,,,,,,,,,,,,,,,
Na II ,457.0443, , ,  ,,,,,,,,,,,,,,,
Na V , ,2.42E+06,940 930       , 3/2 ,,,,,,,,,,,,,,,
 , , , , ,,,,,,,,,,,,,,,
Na V , ,8.18E+06,940 930       , 3/2 ,,,,,,,,,,,,,,,
Na V , ,7.55E+06,940 930       , 3/2 ,,,,,,,,,,,,,,,
Na II ,457.355, , ,  ,,,,,,,,,,,,,,,
Na II ,457.842, , ,  ,,,,,,,,,,,,,,,
Na II ,458.4383, , ,  ,,,,,,,,,,,,,,,
 , , , , ,,,,,,,,,,,,,,,
Na II ,459.0933,2.00E+06,330 636.75    ,1,,,,,,,,,,,,,,,
Na II ,459.819, , ,  ,,,,,,,,,,,,,,,
Na II ,459.974, , ,  ,,,,,,,,,,,,,,,
Na VII , ,1.67E+05,1 473 810?      , 3/2 ,,,,,,,,,,,,,,,
Na II ,461.338, , ,  ,,,,,,,,,,,,,,,
 , , , , ,,,,,,,,,,,,,,,
Na II ,461.455, , ,  ,,,,,,,,,,,,,,,
Na V , ,1.23E+07,940 720       , 5/2 ,,,,,,,,,,,,,,,
Na V , ,5.29E+06,940 720       , 5/2 ,,,,,,,,,,,,,,,
Na VI , ,2.28E+04,951 390       ,2,,,,,,,,,,,,,,,
Na II ,463.394, , ,  ,,,,,,,,,,,,,,,
 , , , , ,,,,,,,,,,,,,,,
Na II ,464.62, , ,  ,,,,,,,,,,,,,,,
Na I ,466.48107,2.08E+06,38 387.268   , 3/2 ,,,,,,,,,,,,,,,
Na I ,466.85595,4.14E+05,38 387.268   , 3/2 ,,,,,,,,,,,,,,,
Na I ,466.85595,2.49E+06,38 387.255   , 5/2 ,,,,,,,,,,,,,,,
Na VI , ,3.33E+05,951 390       ,2,,,,,,,,,,,,,,,
 , , , , ,,,,,,,,,,,,,,,
Na VIII , ,6.96E+04,1 848 960       ,2,,,,,,,,,,,,,,,
Na II ,468.964, ,374 520.3     ," 4,5 ",,,,,,,,,,,,,,,
Na II ,472.2333, ,353 972.42    ,3,,,,,,,,,,,,,,,
Na II ,472.86, , ,  ,,,,,,,,,,,,,,,
Na II ,473.1141, ,353 972.63    ,4,,,,,,,,,,,,,,,
 , , , , ,,,,,,,,,,,,,,,
Na II ,473.2502, ,353 926.69    ,2,,,,,,,,,,,,,,,
Na II ,473.374, , ,  ,,,,,,,,,,,,,,,
Na II ,474.1669, ,353 925.81    ,3,,,,,,,,,,,,,,,
Na I ,474.7941,6.19E+05,38 012.042   , 1/2 ,,,,,,,,,,,,,,,
Na II ,474.985, ,374 532.1     ," 3,4 ",,,,,,,,,,,,,,,
 , , , , ,,,,,,,,,,,,,,,
Na VI , ,1.75E+06,970 840       ,1,,,,,,,,,,,,,,,
Na I ,475.18218,1.23E+06,38 012.042   , 1/2 ,,,,,,,,,,,,,,,
Na II ,475.771, ,375 890.0     ," 2,3 ",,,,,,,,,,,,,,,
Na II ,476.131, ,353 838.44    ,2,,,,,,,,,,,,,,,
Na III , ,2.42E+04,466 788.03    , 3/2 ,,,,,,,,,,,,,,,
 , , , , ,,,,,,,,,,,,,,,
Na II ,476.8902, ,353 925.81    ,3,,,,,,,,,,,,,,,
Na III , ,8.37E+04,466 788.03    , 3/2 ,,,,,,,,,,,,,,,
Na II ,478.879, ,353 838.44    ,2,,,,,,,,,,,,,,,
Na VI , ,1.73E+06,951 390       ,2,,,,,,,,,,,,,,,
Na VII , ,2.89E+07,1 464 050       , 5/2 ,,,,,,,,,,,,,,,
 , , , , ,,,,,,,,,,,,,,,
Na II ,479.449, , ,  ,,,,,,,,,,,,,,,
Na II ,480.282, , ,  ,,,,,,,,,,,,,,,
Na V , ,1.96E+07,939 860       , 1/2 ,,,,,,,,,,,,,,,
Na V , ,3.92E+06,939 860       , 1/2 ,,,,,,,,,,,,,,,
Na II ,481.003, , ,  ,,,,,,,,,,,,,,,
 , , , , ,,,,,,,,,,,,,,,
Na II ,481.475, ,353 926.69    ,2,,,,,,,,,,,,,,,
Na VII , ,4.75E+07,1 453 350       , 5/2 ,,,,,,,,,,,,,,,
Na II ,483.5259, ,353 838.44    ,2,,,,,,,,,,,,,,,
Na II ,484.188, , ,  ,,,,,,,,,,,,,,,
Na VI , ,4.95E+05,950 370       ,1,,,,,,,,,,,,,,,
 , , , , ,,,,,,,,,,,,,,,
Na VI , ,4.84E+06,970 840       ,1,,,,,,,,,,,,,,,
Na II ,488.54, , ,  ,,,,,,,,,,,,,,,
Na VII , ,1.26E+06,1 473 810?      , 3/2 ,,,,,,,,,,,,,,,
Na II ,490.793, , ,  ,,,,,,,,,,,,,,,
Na VI , ,1.43E+06,950 370       ,1,,,,,,,,,,,,,,,
 , , , , ,,,,,,,,,,,,,,,
Na II ,492.38, , ,  ,,,,,,,,,,,,,,,
Na VI , ,4.22E+04,1 016 270       ,3,,,,,,,,,,,,,,,
Na VI , ,9.49E+04,1 016 270       ,1,,,,,,,,,,,,,,,
Na VI , ,2.64E+05,1 016 270       ,2,,,,,,,,,,,,,,,
Na III , ,2.31E+05,466 011.91    , 1/2 ,,,,,,,,,,,,,,,
 , , , , ,,,,,,,,,,,,,,,
Na VI , ,1.49E+06,1 151 280       ,1,,,,,,,,,,,,,,,
Na II ,497.326, , ,  ,,,,,,,,,,,,,,,
Na I ,497.53, ,287 374.8     , 1/2 ,,,,,,,,,,,,,,,
Na I ,497.85414,4.09E+06,37 036.772   , 3/2 ,,,,,,,,,,,,,,,
Na I , ,8.15E+05,37 036.772   , 3/2 ,,,,,,,,,,,,,,,
 , , , , ,,,,,,,,,,,,,,,
Na I ,498.28134,4.88E+06,37 036.752   , 5/2 ,,,,,,,,,,,,,,,
Na VI , ,1.82E+06,949 780       ,0,,,,,,,,,,,,,,,
Na V , ,1.46E+07,939 060       , 5/2 ,,,,,,,,,,,,,,,
Na V , ,8.72E+06,939 060       , 3/2 ,,,,,,,,,,,,,,,
Na V , ,6.26E+06,939 060       , 5/2 ,,,,,,,,,,,,,,,
 , , , , ,,,,,,,,,,,,,,,
Na V , ,1.11E+07,939 060       , 3/2 ,,,,,,,,,,,,,,,
Na V , ,1.05E+06,939 060       , 3/2 ,,,,,,,,,,,,,,,
Na I ,501.98, ,286 849.5     , 3/2 ,,,,,,,,,,,,,,,
Na I ,504.94, ,287 374.8     , 1/2 ,,,,,,,,,,,,,,,
Na I ,507.12,4.10E+07,286 300.4     , 5/2 ,,,,,,,,,,,,,,,
 , , , , ,,,,,,,,,,,,,,,
Na I ,510.96, ,286 849.5     , 3/2 ,,,,,,,,,,,,,,,
Na VI , ,5.31E+04,1 016 270       ,2,,,,,,,,,,,,,,,
Na VI , ,3.03E+05,1 016 270       ,3,,,,,,,,,,,,,,,
Na VII , ,6.57E+06,1 452 100       , 3/2 ,,,,,,,,,,,,,,,
Na II ,513.375, , ,  ,,,,,,,,,,,,,,,
 , , , , ,,,,,,,,,,,,,,,
Na VI , ,6.90E+06,970 840       ,1,,,,,,,,,,,,,,,
Na VII , ,4.14E+07,1 471 560       , 5/2 ,,,,,,,,,,,,,,,
Na II ,514.311, ,372 407.6     ,1,,,,,,,,,,,,,,,
Na I ,514.88381,1.14E+06,36 372.618   , 1/2 ,,,,,,,,,,,,,,,
Na I ,515.34024,2.27E+06,36 372.618   , 1/2 ,,,,,,,,,,,,,,,
 , , , , ,,,,,,,,,,,,,,,
Na VII , ,4.40E+07,1 472 730       , 7/2 ,,,,,,,,,,,,,,,
Na III , ,4.42E+06,418 556.54    , 1/2 ,,,,,,,,,,,,,,,
Na I ,516.25,1.50E+07,286 300.4     , 5/2 ,,,,,,,,,,,,,,,
Na II ,518.715, ,372 425.4     ," 2,3 ",,,,,,,,,,,,,,,
Na VIII , ,2.86E+06,1 835 290?      ,1,,,,,,,,,,,,,,,
 , , , , ,,,,,,,,,,,,,,,
Na II ,519.165, ,372 407.9     ,2,,,,,,,,,,,,,,,
Na II ,519.523, , ,  ,,,,,,,,,,,,,,,
Na III , ,4.58E+06,418 417.50    , 3/2 ,,,,,,,,,,,,,,,
Na III , ,1.44E+06,466 788.03    , 3/2 ,,,,,,,,,,,,,,,
Na III , ,4.85E+05,418 417.50    , 3/2 ,,,,,,,,,,,,,,,
 , , , , ,,,,,,,,,,,,,,,
Na III , ,2.73E+05,465 017.83    , 3/2 ,,,,,,,,,,,,,,,
Na II ,520.333, ,372 415.9     ," 4,5 ",,,,,,,,,,,,,,,
Na II ,520.608, , ,  ,,,,,,,,,,,,,,,
Na II ,520.855, ,372 433.3     ," 3,4 ",,,,,,,,,,,,,,,
Na II ,520.994, , ,  ,,,,,,,,,,,,,,,
 , , , , ,,,,,,,,,,,,,,,
Na II ,521.349, ,372 415.9     ," 4,5 ",,,,,,,,,,,,,,,
Na IV , ,1.86E+02,594 934.      ,3,,,,,,,,,,,,,,,
Na III , ,3.65E+04,465 017.83    , 3/2 ,,,,,,,,,,,,,,,
Na IV , ,3.86E+03,594 899.2     ,2,,,,,,,,,,,,,,,
Na II ,522.819, , ,  ,,,,,,,,,,,,,,,
 , , , , ,,,,,,,,,,,,,,,
Na IV , ,9.14E+03,594 888.1     ,1,,,,,,,,,,,,,,,
Na IV , ,4.07E+03,594 934.      ,3,,,,,,,,,,,,,,,
Na II ,523.531, , ,  ,,,,,,,,,,,,,,,
Na II ,523.943, ,373 787.8     ," 3,4 ",,,,,,,,,,,,,,,
Na IV , ,8.26E+03,594 899.2     ,2,,,,,,,,,,,,,,,
 , , , , ,,,,,,,,,,,,,,,
Na IV , ,1.18E+04,594 934.      ,3,,,,,,,,,,,,,,,
Na I ,525.64,2.00E+06,286 300.4     , 5/2 ,,,,,,,,,,,,,,,
Na VIII , ,5.49E+05,1 835 010       ,2,,,,,,,,,,,,,,,
Na II ,526.066, , ,  ,,,,,,,,,,,,,,,
Na II ,527.572, ,372 433.3     ," 3,4 ",,,,,,,,,,,,,,,
 , , , , ,,,,,,,,,,,,,,,
Na II ,529.165, , ,  ,,,,,,,,,,,,,,,
Na II ,530.447, , ,  ,,,,,,,,,,,,,,,
Na II ,530.736, , ,  ,,,,,,,,,,,,,,,
Na II ,530.914, , ,  ,,,,,,,,,,,,,,,
Na IV , ,4.91E-01,550 186.      ,2,,,,,,,,,,,,,,,
 , , , , ,,,,,,,,,,,,,,,
Na IV , ,2.71E-01,550 157.      ,1,,,,,,,,,,,,,,,
Na III , ,1.74E+06,466 788.03    , 3/2 ,,,,,,,,,,,,,,,
Na II ,536.041, , ,  ,,,,,,,,,,,,,,,
Na II ,536.246, , ,  ,,,,,,,,,,,,,,,
Na III , ,2.51E+04,464 390.17    , 5/2 ,,,,,,,,,,,,,,,
 , , , , ,,,,,,,,,,,,,,,
Na II ,537.902, ,372 423.4     ," 2,3 ",,,,,,,,,,,,,,,
Na II ,537.902, ,372 423.4     ," 2,3 ",,,,,,,,,,,,,,,
Na VII , ,1.95E+07,1 596 400       , 5/2 ,,,,,,,,,,,,,,,
Na VII , ,2.04E+07,1 596 400       , 3/2 ,,,,,,,,,,,,,,,
Na VII , ,9.73E+05,1 596 400       , 5/2 ,,,,,,,,,,,,,,,
 , , , , ,,,,,,,,,,,,,,,
Na II ,539.063, ,372 426.7     ," 5,6 ",,,,,,,,,,,,,,,
Na II ,539.063, ,372 426.7     ," 5,6 ",,,,,,,,,,,,,,,
Na III , ,4.88E+04,464 390.17    , 5/2 ,,,,,,,,,,,,,,,
Na II ,539.941, ,373 796.4     ," 3,4 ",,,,,,,,,,,,,,,
Na II ,539.941, ,373 796.4     ," 3,4 ",,,,,,,,,,,,,,,
 , , , , ,,,,,,,,,,,,,,,
Na II ,539.941, ,373 796.4     ," 4,5 ",,,,,,,,,,,,,,,
Na II ,539.941, ,373 796.4     ," 4,5 ",,,,,,,,,,,,,,,
Na II ,540.0464, ,373 796.4     ," 3,4 ",,,,,,,,,,,,,,,
Na II ,540.207, ,372 432.3     ," 3,4 ",,,,,,,,,,,,,,,
Na II ,540.207, ,372 432.3     ," 3,4 ",,,,,,,,,,,,,,,
 , , , , ,,,,,,,,,,,,,,,
Na I ,541.1, ,287 374.8     , 1/2 ,,,,,,,,,,,,,,,
Na III , ,7.74E+05,466 011.91    , 1/2 ,,,,,,,,,,,,,,,
Na II ,541.4546, ,372 436.2     ," 4,5 ",,,,,,,,,,,,,,,
Na II ,541.4546, ,372 436.2     ," 4,5 ",,,,,,,,,,,,,,,
Na II ,544.12, , ,  ,,,,,,,,,,,,,,,
 , , , , ,,,,,,,,,,,,,,,
Na I ,545.19, ,286 849.5     , 3/2 ,,,,,,,,,,,,,,,
Na I ,546.64, ,287 374.8     , 1/2 ,,,,,,,,,,,,,,,
Na II ,548.59, , ,  ,,,,,,,,,,,,,,,
Na VII , ,2.43E+06,1 471 560       , 5/2 ,,,,,,,,,,,,,,,
Na II ,552.111, , ,  ,,,,,,,,,,,,,,,
 , , , , ,,,,,,,,,,,,,,,
Na III , ,3.03E+04,463 970.92    , 7/2 ,,,,,,,,,,,,,,,
Na II ,553.372, , ,  ,,,,,,,,,,,,,,,
Na I ,556.99, ,286 849.5     , 3/2 ,,,,,,,,,,,,,,,
Na III , ,1.44E+06,466 011.91    , 1/2 ,,,,,,,,,,,,,,,
Na II ,559.83, , ,  ,,,,,,,,,,,,,,,
 , , , , ,,,,,,,,,,,,,,,
Na II ,560.774, , ,  ,,,,,,,,,,,,,,,
Na I ,562.1,1.40E+07,286 300.4     , 5/2 ,,,,,,,,,,,,,,,
Na I ,562.85, ,286 849.5     , 3/2 ,,,,,,,,,,,,,,,
Na VIII , ,2.49E+06,1 835 010       ,2,,,,,,,,,,,,,,,
Na II ,565.563, , ,  ,,,,,,,,,,,,,,,
 , , , , ,,,,,,,,,,,,,,,
Na X , ,6.04E+06,(10 600 902.4)    ,1,,,,,,,,,,,,,,,
Na II ,566.478, , ,  ,,,,,,,,,,,,,,,
Na I ,568.26333,1.01E+07,34 548.764   , 3/2 ,,,,,,,,,,,,,,,
Na I ,568.81934,2.02E+06,34 548.764   , 3/2 ,,,,,,,,,,,,,,,
Na I ,568.82046,1.21E+07,34 548.729   , 5/2 ,,,,,,,,,,,,,,,
 , , , , ,,,,,,,,,,,,,,,
Na VII , ,1.77E+06,1 348 720       , 3/2 ,,,,,,,,,,,,,,,
Na VII , ,1.32E+05,1 348 720       , 5/2 ,,,,,,,,,,,,,,,
Na II ,570.007, , ,  ,,,,,,,,,,,,,,,
Na II ,570.6, , ,  ,,,,,,,,,,,,,,,
Na II ,570.812, , ,  ,,,,,,,,,,,,,,,
 , , , , ,,,,,,,,,,,,,,,
Na II ,570.961, , ,  ,,,,,,,,,,,,,,,
Na VIII , ,7.68E+05,1 833 530       ,3,,,,,,,,,,,,,,,
Na II ,571.617, , ,  ,,,,,,,,,,,,,,,
Na VI , ,2.77E+05,951 390       ,2,,,,,,,,,,,,,,,
Na II ,572.138, , ,  ,,,,,,,,,,,,,,,
 , , , , ,,,,,,,,,,,,,,,
Na III , ,1.09E+06,465 017.83    , 3/2 ,,,,,,,,,,,,,,,
Na II ,573.194, , ,  ,,,,,,,,,,,,,,,
Na I ,574.42,4.00E+06,286 300.4     , 5/2 ,,,,,,,,,,,,,,,
Na III , ,1.66E+06,464 945.37    , 5/2 ,,,,,,,,,,,,,,,
Na II ,574.811, , ,  ,,,,,,,,,,,,,,,
 , , , , ,,,,,,,,,,,,,,,
Na II ,576.537, , ,  ,,,,,,,,,,,,,,,
Na II ,582.684, , ,  ,,,,,,,,,,,,,,,
Na II ,583.687, , ,  ,,,,,,,,,,,,,,,
Na III , ,3.29E+05,464 631.29    , 3/2 ,,,,,,,,,,,,,,,
Na I ,588.995095,6.16E+07,16 973.36619 , 3/2 ,,,,,,,,,,,,,,,
 , , , , ,,,,,,,,,,,,,,,
Na VII , ,2.79E+04,1 432 600?      , 3/2 ,,,,,,,,,,,,,,,
Na VII , ,3.09E+03,1 432 600?      , 3/2 ,,,,,,,,,,,,,,,
Na I ,589.592424,6.14E+07,16 956.17025 , 1/2 ,,,,,,,,,,,,,,,
Na VI , ,8.40E+04,951 390       ,2,,,,,,,,,,,,,,,
Na III , ,2.55E+06,465 017.83    , 3/2 ,,,,,,,,,,,,,,,
 , , , , ,,,,,,,,,,,,,,,
Na II ,592.135, , ,  ,,,,,,,,,,,,,,,
Na III , ,5.74E+03,464 411.94    , 1/2 ,,,,,,,,,,,,,,,
Na III , ,1.27E+06,464 390.17    , 5/2 ,,,,,,,,,,,,,,,
Na II ,594.09, , ,  ,,,,,,,,,,,,,,,
Na VII , ,1.59E+06,1 348 720       , 5/2 ,,,,,,,,,,,,,,,
 , , , , ,,,,,,,,,,,,,,,
Na VII , ,1.71E+05,1 348 720       , 3/2 ,,,,,,,,,,,,,,,
Na II ,597.359, , ,  ,,,,,,,,,,,,,,,
Na III , ,3.31E+05,435 028.00    , 1/2 ,,,,,,,,,,,,,,,
Na II ,602.667, , ,  ,,,,,,,,,,,,,,,
Na VIII , ,2.15E+07,1 673 390       ,1,,,,,,,,,,,,,,,
 , , , , ,,,,,,,,,,,,,,,
Na VIII , ,2.38E+07,1 689 970       ,2,,,,,,,,,,,,,,,
Na III , ,1.32E+05,464 077.16    , 3/2 ,,,,,,,,,,,,,,,
Na III , ,4.32E+05,464 631.29    , 3/2 ,,,,,,,,,,,,,,,
Na II ,606.327, , ,  ,,,,,,,,,,,,,,,
Na III , ,1.34E+05,435 028.00    , 1/2 ,,,,,,,,,,,,,,,
 , , , , ,,,,,,,,,,,,,,,
Na VI , ,1.28E+05,950 370       ,1,,,,,,,,,,,,,,,
Na IX , ,1.92E+07,[1 856 770]      , 3/2 ,,,,,,,,,,,,,,,
Na II ,612.146, , ,  ,,,,,,,,,,,,,,,
Na III , ,5.88E+03,464 411.94    , 1/2 ,,,,,,,,,,,,,,,
Na I ,615.42253,2.50E+06,33 200.673   , 1/2 ,,,,,,,,,,,,,,,
 , , , , ,,,,,,,,,,,,,,,
Na VIII , ,4.87E+06,1 833 530       ,3,,,,,,,,,,,,,,,
Na I ,616.0747,4.98E+06,33 200.673   , 1/2 ,,,,,,,,,,,,,,,
Na II ,617.525, ,369 158.71    ,1,,,,,,,,,,,,,,,
Na II ,618.766, , ,  ,,,,,,,,,,,,,,,
Na III , ,4.35E+05,463 691.90    , 5/2 ,,,,,,,,,,,,,,,
 , , , , ,,,,,,,,,,,,,,,
Na II ,619.926, ,369 159.46    ,2,,,,,,,,,,,,,,,
Na IX , ,1.81E+07,[1 856 440]      , 1/2 ,,,,,,,,,,,,,,,
Na II ,623.222, , ,  ,,,,,,,,,,,,,,,
Na II ,623.468, ,369 186.73    ,2,,,,,,,,,,,,,,,
Na II ,626.001, ,369 171.93    ,5,,,,,,,,,,,,,,,
 , , , , ,,,,,,,,,,,,,,,
Na II ,627.474, ,369 172.01    ,4,,,,,,,,,,,,,,,
Na VII , ,2.47E+07,1 577 810?      , 7/2 ,,,,,,,,,,,,,,,
Na VII , ,2.31E+07,1 577 810?      , 5/2 ,,,,,,,,,,,,,,,
Na VII , ,1.65E+06,1 577 810?      , 5/2 ,,,,,,,,,,,,,,,
Na VI , ,6.97E+04,950 370       ,1,,,,,,,,,,,,,,,
 , , , , ,,,,,,,,,,,,,,,
Na II ,629.466, , ,  ,,,,,,,,,,,,,,,
Na III , ,1.67E+04,494 685.86    , 3/2 ,,,,,,,,,,,,,,,
Na II ,631.08, ,370 548.50?   ,2,,,,,,,,,,,,,,,
Na III , ,4.48E+03,494 685.86    , 3/2 ,,,,,,,,,,,,,,,
Na II ,635.283, ,369 199.6     ," 3,4 ",,,,,,,,,,,,,,,
 , , , , ,,,,,,,,,,,,,,,
Na II ,635.805, ,369 186.73    ,2,,,,,,,,,,,,,,,
Na II ,635.805, ,369 186.50    ,3,,,,,,,,,,,,,,,
Na III , ,2.20E+04,494 602.73    , 5/2 ,,,,,,,,,,,,,,,
Na II ,636.115, ,369 199.6     ," 3,4 ",,,,,,,,,,,,,,,
Na II ,636.641, ,369 186.73    ,2,,,,,,,,,,,,,,,
 , , , , ,,,,,,,,,,,,,,,
Na II ,636.641, ,369 186.50    ,3,,,,,,,,,,,,,,,
Na II ,637.891, ,370 548.50?   ,2,,,,,,,,,,,,,,,
Na VI , ,8.80E+04,950 370       ,1,,,,,,,,,,,,,,,
Na II ,640.479, , ,  ,,,,,,,,,,,,,,,
Na IV , ,3.01E+01,572 393.8     ,2,,,,,,,,,,,,,,,
 , , , , ,,,,,,,,,,,,,,,
Na IV , ,6.15E+04,572 379.5     ,1,,,,,,,,,,,,,,,
Na II ,643.875, , ,  ,,,,,,,,,,,,,,,
Na II ,644.485, , ,  ,,,,,,,,,,,,,,,
Na V , ,1.95E+06,893 820       , 5/2 ,,,,,,,,,,,,,,,
Na V , ,4.37E+05,893 820       , 5/2 ,,,,,,,,,,,,,,,
 , , , , ,,,,,,,,,,,,,,,
Na V , ,4.87E+04,893 820       , 5/2 ,,,,,,,,,,,,,,,
Na II ,645.076, , ,  ,,,,,,,,,,,,,,,
Na VIII , ,1.30E+06,1 843 110       ,1,,,,,,,,,,,,,,,
Na II ,646.221, , ,  ,,,,,,,,,,,,,,,
Na II ,647.133, , ,  ,,,,,,,,,,,,,,,
 , , , , ,,,,,,,,,,,,,,,
Na II ,647.529, ,369 158.71    ,1,,,,,,,,,,,,,,,
Na II ,651.421, ,369 184.02    ," 2,3 ",,,,,,,,,,,,,,,
Na II ,652.468, ,369 203.4     ," 4,5 ",,,,,,,,,,,,,,,
Na II ,652.468, ,369 203.4     ," 4,5 ",,,,,,,,,,,,,,,
Na VI , ,2.49E+05,949 780       ,0,,,,,,,,,,,,,,,
 , , , , ,,,,,,,,,,,,,,,
Na II ,653.0698, ,369 189.22    ," 5,6 ",,,,,,,,,,,,,,,
Na II ,653.0698, ,369 189.22    ," 5,6 ",,,,,,,,,,,,,,,
Na II ,654.4036, ,370 560.6     ," 3,4 ",,,,,,,,,,,,,,,
Na II ,654.5753, ,369 198.7     ," 3,4 ",,,,,,,,,,,,,,,
Na II ,655.2432, ,369 184.02    ," 2,3 ",,,,,,,,,,,,,,,
 , , , , ,,,,,,,,,,,,,,,
Na II ,656.585, ,369 198.7     ," 3,4 ",,,,,,,,,,,,,,,
Na II ,656.585, ,369 198.7     ," 3,4 ",,,,,,,,,,,,,,,
Na II ,660.93, , ,  ,,,,,,,,,,,,,,,
Na I , ,6.30E+03,[40 814.352]  , 3/2 ,,,,,,,,,,,,,,,
Na I , ,6.30E+03,[40 814.273]  , 1/2 ,,,,,,,,,,,,,,,
 , , , , ,,,,,,,,,,,,,,,
Na VI , ,5.34E+04,1 055 260       ,4,,,,,,,,,,,,,,,
Na II ,665.15, , ,  ,,,,,,,,,,,,,,,
Na III , ,3.30E+05,493 849.24    , 1/2 ,,,,,,,,,,,,,,,
Na I , ,8.50E+03,[40 705.444]  , 3/2 ,,,,,,,,,,,,,,,
Na I , ,8.50E+03,[40 705.344]  , 1/2 ,,,,,,,,,,,,,,,
 , , , , ,,,,,,,,,,,,,,,
Na III , ,6.57E+05,493 849.24    , 1/2 ,,,,,,,,,,,,,,,
Na II ,668.9, , ,  ,,,,,,,,,,,,,,,
Na I , ,1.11E+04,[40 565.913]  , 3/2 ,,,,,,,,,,,,,,,
Na I , ,1.11E+04,[40 565.783]  , 1/2 ,,,,,,,,,,,,,,,
Na II ,677.41, , ,  ,,,,,,,,,,,,,,,
 , , , , ,,,,,,,,,,,,,,,
Na II ,678.95, , ,  ,,,,,,,,,,,,,,,
Na I , ,1.53E+04,40 383.097   , 3/2 ,,,,,,,,,,,,,,,
Na I , ,1.53E+04,40 382.925   , 1/2 ,,,,,,,,,,,,,,,
Na IX , ,2.68E+06,1 430 000       , 3/2 ,,,,,,,,,,,,,,,
Na II ,683.78, , ,  ,,,,,,,,,,,,,,,
 , , , , ,,,,,,,,,,,,,,,
Na III , ,8.41E+04,478 884.07    , 3/2 ,,,,,,,,,,,,,,,
Na III , ,2.79E+04,493 293.98    , 1/2 ,,,,,,,,,,,,,,,
Na III , ,5.54E+04,493 293.98    , 1/2 ,,,,,,,,,,,,,,,
Na I , ,2.23E+04,40 137.043   , 3/2 ,,,,,,,,,,,,,,,
Na I , ,2.23E+04,40 136.810   , 1/2 ,,,,,,,,,,,,,,,
 , , , , ,,,,,,,,,,,,,,,
Na VIII , ,1.18E+07,1 827 570       ,2,,,,,,,,,,,,,,,
Na III , ,6.87E+03,493 192.06    , 3/2 ,,,,,,,,,,,,,,,
Na III , ,5.46E+04,493 192.06    , 3/2 ,,,,,,,,,,,,,,,
Na VI , ,5.10E+03,1 054 500       ,3,,,,,,,,,,,,,,,
Na VI , ,4.06E+04,1 054 500       ,3,,,,,,,,,,,,,,,
 , , , , ,,,,,,,,,,,,,,,
Na IX , ,2.85E+06,1 430 200       , 5/2 ,,,,,,,,,,,,,,,
Na I , ,4.43E+04,[39 794.810]  , 3/2 ,,,,,,,,,,,,,,,
Na I , ,4.32E+04,[39 794.479]  , 1/2 ,,,,,,,,,,,,,,,
Na IV , ,2.64E+04,550 186.      ,2,,,,,,,,,,,,,,,
Na VI , ,5.88E+06,1 228 210?      ,3,,,,,,,,,,,,,,,
 , , , , ,,,,,,,,,,,,,,,
Na IV , ,6.73E+04,550 186.      ,2,,,,,,,,,,,,,,,
Na IV , ,9.23E+04,550 158.?     ,0,,,,,,,,,,,,,,,
Na IV , ,2.14E+04,550 157.      ,1,,,,,,,,,,,,,,,
Na IV , ,3.85E+04,550 157.      ,1,,,,,,,,,,,,,,,
Na IV , ,3.27E+04,550 157.      ,1,,,,,,,,,,,,,,,
 , , , , ,,,,,,,,,,,,,,,
Na V , ,8.81E+05,892 240       , 1/2 ,,,,,,,,,,,,,,,
Na V , ,8.81E+05,892 240       , 1/2 ,,,,,,,,,,,,,,,
Na III , ,3.85E+04,478 884.07    , 3/2 ,,,,,,,,,,,,,,,
Na X , ,1.22E+06,(10 596 450.4)    ,1,,,,,,,,,,,,,,,
Na IX , ,4.56E+05,1 430 000       , 3/2 ,,,,,,,,,,,,,,,
 , , , , ,,,,,,,,,,,,,,,
Na III , ,1.27E+05,478 842.99    , 1/2 ,,,,,,,,,,,,,,,
Na X , ,1.60E+06,(10 596 482.1)    ,2,,,,,,,,,,,,,,,
Na X , ,8.84E+05,(10 596 450.4)    ,1,,,,,,,,,,,,,,,
Na VIII , ,5.79E+06,1 848 670?      ,3,,,,,,,,,,,,,,,
Na VIII , ,1.44E+06,1 848 670?      ,2,,,,,,,,,,,,,,,
 , , , , ,,,,,,,,,,,,,,,
Na VIII , ,1.61E+05,1 848 670?      ,1,,,,,,,,,,,,,,,
Na VI , ,1.76E+02,1 053 880       ,2,,,,,,,,,,,,,,,
Na VI , ,6.25E+03,1 053 880       ,2,,,,,,,,,,,,,,,
Na VI , ,3.36E+04,1 053 880       ,2,,,,,,,,,,,,,,,
Na I ,737.323,5.42E+04,39 298.84    , 3/2 ,,,,,,,,,,,,,,,
 , , , , ,,,,,,,,,,,,,,,
Na I ,737.349,5.30E+04,39 298.35    , 1/2 ,,,,,,,,,,,,,,,
Na VIII , ,4.08E+06,1 848 670?      ,2,,,,,,,,,,,,,,,
Na VIII , ,2.27E+06,1 848 670?      ,1,,,,,,,,,,,,,,,
Na I , ,8.93E+00,30 272.58    , 3/2 ,,,,,,,,,,,,,,,
Na I , ,6.24E-06,30 272.58    , 3/2 ,,,,,,,,,,,,,,,
 , , , , ,,,,,,,,,,,,,,,
Na I , ,1.15E-06,30 266.99    , 1/2 ,,,,,,,,,,,,,,,
Na I , ,8.88E+00,30 272.58    , 3/2 ,,,,,,,,,,,,,,,
Na I , ,4.28E-05,30 272.58    , 3/2 ,,,,,,,,,,,,,,,
Na I , ,1.78E+01,30 266.99    , 1/2 ,,,,,,,,,,,,,,,
Na I , ,8.84E-06,30 266.99    , 1/2 ,,,,,,,,,,,,,,,
 , , , , ,,,,,,,,,,,,,,,
Na X , ,1.93E+06,(10 596 729.4)    ,3,,,,,,,,,,,,,,,
Na III , ,2.61E+04,448 107.31    , 1/2 ,,,,,,,,,,,,,,,
Na VII , ,4.54E+04,1 474 530?      , 1/2 ,,,,,,,,,,,,,,,
Na X , ,4.54E+05,(10 596 482.1)    ,2,,,,,,,,,,,,,,,
Na X , ,5.03E+04,(10 596 450.4)    ,1,,,,,,,,,,,,,,,
 , , , , ,,,,,,,,,,,,,,,
Na VII , ,7.24E+03,1 348 720       , 3/2 ,,,,,,,,,,,,,,,
Na VII , ,5.36E+02,1 348 720       , 5/2 ,,,,,,,,,,,,,,,
Na VII , ,7.47E+03,1 348 720       , 5/2 ,,,,,,,,,,,,,,,
Na VII , ,8.00E+02,1 348 720       , 3/2 ,,,,,,,,,,,,,,,
Na III , ,1.11E+04,478 884.07    , 3/2 ,,,,,,,,,,,,,,,
 , , , , ,,,,,,,,,,,,,,,
Na III , ,6.59E+04,478 842.99    , 1/2 ,,,,,,,,,,,,,,,
Na I ,780.978,9.91E+04,38 540.93    , 3/2 ,,,,,,,,,,,,,,,
Na I ,781.024,9.72E+04,38 540.18    , 1/2 ,,,,,,,,,,,,,,,
Na IV , ,1.04E-06,486 650.2     ,1,,,,,,,,,,,,,,,
Na VII , ,4.53E+03,1 390 450?      , 5/2 ,,,,,,,,,,,,,,,
 , , , , ,,,,,,,,,,,,,,,
Na VII , ,9.51E+04,1 390 450?      , 3/2 ,,,,,,,,,,,,,,,
Na III , ,2.92E+04,447 547.96    , 3/2 ,,,,,,,,,,,,,,,
Na VIII , ,1.14E+06,1 835 290?      ,1,,,,,,,,,,,,,,,
Na VII , ,3.83E+03,1 473 810?      , 3/2 ,,,,,,,,,,,,,,,
Na VII , ,3.39E+04,1 473 810?      , 3/2 ,,,,,,,,,,,,,,,
 , , , , ,,,,,,,,,,,,,,,
Na I ,818.32556,4.29E+07,29 172.887   , 3/2 ,,,,,,,,,,,,,,,
Na I ,819.47905,8.57E+06,29 172.887   , 3/2 ,,,,,,,,,,,,,,,
Na I ,819.48237,5.14E+07,29 172.837   , 5/2 ,,,,,,,,,,,,,,,
Na VII , ,8.06E+04,1 390 450?      , 5/2 ,,,,,,,,,,,,,,,
Na VIII , ,1.91E+06,1 835 010       ,2,,,,,,,,,,,,,,,
 , , , , ,,,,,,,,,,,,,,,
Na III , ,6.99E+04,478 884.07    , 3/2 ,,,,,,,,,,,,,,,
Na III , ,5.82E+04,478 842.99    , 1/2 ,,,,,,,,,,,,,,,
Na VII , ,1.91E+05,1 464 050       , 5/2 ,,,,,,,,,,,,,,,
Na I ,864.992,2.25E+05,37 297.61    , 3/2 ,,,,,,,,,,,,,,,
Na VII , ,6.07E+06,1 306 470       , 1/2 ,,,,,,,,,,,,,,,
 , , , , ,,,,,,,,,,,,,,,
Na VII , ,6.06E+06,1 306 470       , 3/2 ,,,,,,,,,,,,,,,
Na I ,865.089,2.21E+05,37 296.32    , 1/2 ,,,,,,,,,,,,,,,
Na VII , ,4.81E+04,1 668 940?      , 3/2 ,,,,,,,,,,,,,,,
Na VII , ,3.09E+05,1 668 940?      , 3/2 ,,,,,,,,,,,,,,,
Na VII , ,6.09E+05,1 668 940?      , 3/2 ,,,,,,,,,,,,,,,
 , , , , ,,,,,,,,,,,,,,,
Na I , ,1.63E+04,[40 542.293]  , 5/2 ,,,,,,,,,,,,,,,
Na I , ,2.45E+05,[40 542.293]  , 7/2 ,,,,,,,,,,,,,,,
Na I , ,2.29E+05,[40 542.293]  , 5/2 ,,,,,,,,,,,,,,,
Na VIII , ,1.09E+04,1 838 910       ,1,,,,,,,,,,,,,,,
Na VIII , ,6.12E+06,1 838 860       ,3,,,,,,,,,,,,,,,
 , , , , ,,,,,,,,,,,,,,,
Na I ,894.296,3.71E+05,[40 351.761]  , 7/2 ,,,,,,,,,,,,,,,
Na I ,894.296,2.47E+04,[40 351.761]  , 5/2 ,,,,,,,,,,,,,,,
Na I , ,3.46E+05,[40 351.761]  , 5/2 ,,,,,,,,,,,,,,,
Na VII , ,2.11E+06,1 472 730       , 7/2 ,,,,,,,,,,,,,,,
Na VII , ,6.72E+03,1 388 970?      , 7/2 ,,,,,,,,,,,,,,,
,,,,,,,,,,,,,,,,,,,
,,,,,,,,,,,,,,,,,,,
,,,,,,,,,,,,,,,,,,,
,,,,,,,,,,,,,,,,,,,
,,,,,,,,,,,,,,,,,,,
,,,,,,,,,,,,,,,,,,,
,,,,,,,,,,,,,,,,,,,
,,,,,,,,,,,,,,,,,,,
,,,,,,,,,,,,,,,,,,,
,,,,,,,,,,,,,,,,,,,
,,,,,,,,,,,,,,,,,,,
,,,,,,,,,,,,,,,,,,,
,,,,,,,,,,,,,,,,,,,
,,,,,,,,,,,,,,,,,,,
,,,,,,,,,,,,,,,,,,,
,,,,,,,,,,,,,,,,,,,
,,,,,,,,,,,,,,,,,,,
,,,,,,,,,,,,,,,,,,,
,,,,,,,,,,,,,,,,,,,
,,,,,,,,,,,,,,,,,,,
,,,,,,,,,,,,,,,,,,,
,,,,,,,,,,,,,,,,,,,
,,,,,,,,,,,,,,,,,,,
,,,,,,,,,,,,,,,,,,,
,,,,,,,,,,,,,,,,,,,
