idx,n_lines,wl,A,E,g,delta_p,max_abs_delta_p
"[0, 1]",2,"[219.554, 289.48400000000004]","[0.714, 1.66]","[5.6450982733999995, 6.0419408962]","[3.0, 7.0]","[-0.14478773279497598, 0.14478773279497614]",0.14478773279497614
"[0, 2]",2,"[219.554, 291.139]","[0.714, 2.42]","[5.6450982733999995, 6.017596183399999]","[3.0, 9.0]","[-0.09707630276330986, 0.09707630276330992]",0.09707630276330992
"[0, 3]",2,"[219.554, 307.76]","[0.714, 1.24]","[5.6450982733999995, 5.5690179464]","[3.0, 7.0]","[0.02391195419924802, -0.023911954199248076]",0.023911954199248076
"[0, 4]",2,"[219.554, 325.43100000000004]","[0.714, 0.6]","[5.6450982733999995, 5.5690179464]","[3.0, 7.0]","[0.03186887797069271, -0.03186887797069282]",0.03186887797069282
"[0, 5]",2,"[219.554, 622.187]","[0.714, 0.099]","[5.6450982733999995, 3.5338217767999995]","[3.0, 3.0]","[0.7251367583026282, -0.7251367583026282]",0.7251367583026282
"[1, 2]",2,"[289.48400000000004, 291.139]","[1.66, 2.42]","[6.0419408962, 6.017596183399999]","[7.0, 9.0]","[0.009525431567877773, -0.009525431567877773]",0.009525431567877773
"[1, 3]",2,"[289.48400000000004, 307.76]","[1.66, 1.24]","[6.0419408962, 5.5690179464]","[7.0, 7.0]","[0.19763991397834102, -0.19763991397834108]",0.19763991397834108
"[1, 4]",2,"[289.48400000000004, 325.43100000000004]","[1.66, 0.6]","[6.0419408962, 5.5690179464]","[7.0, 7.0]","[0.19345142412186922, -0.19345142412186933]",0.19345142412186933
"[1, 5]",2,"[289.48400000000004, 622.187]","[1.66, 0.099]","[6.0419408962, 3.5338217767999995]","[7.0, 3.0]","[0.7519730365835283, -0.7519730365835282]",0.7519730365835283
"[2, 3]",2,"[291.139, 307.76]","[2.42, 1.24]","[6.017596183399999, 5.5690179464]","[9.0, 7.0]","[0.18795047872314602, -0.18795047872314602]",0.18795047872314602
"[2, 4]",2,"[291.139, 325.43100000000004]","[2.42, 0.6]","[6.017596183399999, 5.5690179464]","[9.0, 7.0]","[0.1453650225824361, -0.1453650225824361]",0.1453650225824361
"[2, 5]",2,"[291.139, 622.187]","[2.42, 0.099]","[6.017596183399999, 3.5338217767999995]","[9.0, 3.0]","[0.6441791166460245, -0.6441791166460245]",0.6441791166460245
"[3, 4]",2,"[307.76, 325.43100000000004]","[1.24, 0.6]","[5.5690179464, 5.5690179464]","[7.0, 7.0]","[0.0, 5.551115123125783e-17]",5.551115123125783e-17
"[3, 5]",2,"[307.76, 622.187]","[1.24, 0.099]","[5.5690179464, 3.5338217767999995]","[7.0, 3.0]","[0.6035288989506747, -0.6035288989506747]",0.6035288989506747
"[4, 5]",2,"[325.43100000000004, 622.187]","[0.6, 0.099]","[5.5690179464, 3.5338217767999995]","[7.0, 3.0]","[0.6988035108461093, -0.6988035108461091]",0.6988035108461093
"[0, 1, 2]",3,"[219.554, 289.48400000000004, 291.139]","[0.714, 1.66, 2.42]","[5.6450982733999995, 6.0419408962, 6.017596183399999]","[3.0, 7.0, 9.0]","[-0.07468026493178363, 0.03374119447097412, 0.04093907046080947]",0.07468026493178363
"[0, 1, 3]",3,"[219.554, 289.48400000000004, 307.76]","[0.714, 1.66, 1.24]","[5.6450982733999995, 6.0419408962, 5.5690179464]","[3.0, 7.0, 7.0]","[-0.027097473024112556, 0.1792518649673227, -0.15215439194321012]",0.1792518649673227
"[0, 1, 4]",3,"[219.554, 289.48400000000004, 325.43100000000004]","[0.714, 1.66, 0.6]","[5.6450982733999995, 6.0419408962, 5.5690179464]","[3.0, 7.0, 7.0]","[-0.06020667508706862, 0.1898780581541446, -0.1296713830670759]",0.1898780581541446
"[0, 1, 5]",3,"[219.554, 289.48400000000004, 622.187]","[0.714, 1.66, 0.099]","[5.6450982733999995, 6.0419408962, 3.5338217767999995]","[3.0, 7.0, 3.0]","[0.11690327917306673, 0.5590821097524878, -0.6759853889255546]",0.6759853889255546
"[0, 2, 3]",3,"[219.554, 291.139, 307.76]","[0.714, 2.42, 1.24]","[5.6450982733999995, 6.017596183399999, 5.5690179464]","[3.0, 9.0, 7.0]","[-0.03217029527955503, 0.1850795190541707, -0.15290922377461585]",0.1850795190541707
"[0, 2, 4]",3,"[219.554, 291.139, 325.43100000000004]","[0.714, 2.42, 0.6]","[5.6450982733999995, 6.017596183399999, 5.5690179464]","[3.0, 9.0, 7.0]","[-0.055341750465476125, 0.16555957998040138, -0.11021782951492523]",0.16555957998040138
"[0, 2, 5]",3,"[219.554, 291.139, 622.187]","[0.714, 2.42, 0.099]","[5.6450982733999995, 6.017596183399999, 3.5338217767999995]","[3.0, 9.0, 3.0]","[0.04358101956023552, 0.5421022177467829, -0.5856832373070184]",0.5856832373070184
"[0, 3, 4]",3,"[219.554, 307.76, 325.43100000000004]","[0.714, 1.24, 0.6]","[5.6450982733999995, 5.5690179464, 5.5690179464]","[3.0, 7.0, 7.0]","[0.01914512011700764, -0.013134717601240742, -0.0060104025157671215]",0.01914512011700764
"[0, 3, 5]",3,"[219.554, 307.76, 622.187]","[0.714, 1.24, 0.099]","[5.6450982733999995, 5.5690179464, 3.5338217767999995]","[3.0, 7.0, 3.0]","[0.1480398465053352, 0.40845799185158777, -0.5564978383569228]",0.5564978383569228
"[0, 4, 5]",3,"[219.554, 325.43100000000004, 622.187]","[0.714, 0.6, 0.099]","[5.6450982733999995, 5.5690179464, 3.5338217767999995]","[3.0, 7.0, 3.0]","[0.2829944269428181, 0.36985913678014093, -0.652853563722959]",0.652853563722959
"[1, 2, 3]",3,"[289.48400000000004, 291.139, 307.76]","[1.66, 2.42, 1.24]","[6.0419408962, 6.017596183399999, 5.5690179464]","[7.0, 9.0, 7.0]","[0.06520894958829293, 0.10714516513856698, -0.1723541147268599]",0.1723541147268599
"[1, 2, 4]",3,"[289.48400000000004, 291.139, 325.43100000000004]","[1.66, 2.42, 0.6]","[6.0419408962, 6.017596183399999, 5.5690179464]","[7.0, 9.0, 7.0]","[0.047729337619335566, 0.06942859078391006, -0.11715792840324576]",0.11715792840324576
"[1, 2, 5]",3,"[289.48400000000004, 291.139, 622.187]","[1.66, 2.42, 0.099]","[6.0419408962, 6.017596183399999, 3.5338217767999995]","[7.0, 9.0, 3.0]","[0.19680988878514055, 0.3602963805693378, -0.5571062693544782]",0.5571062693544782
"[1, 3, 4]",3,"[289.48400000000004, 307.76, 325.43100000000004]","[1.66, 1.24, 0.6]","[6.0419408962, 5.5690179464, 5.5690179464]","[7.0, 7.0, 7.0]","[0.18024329270292663, -0.12365786867367573, -0.056585424029250875]",0.18024329270292663
"[1, 3, 5]",3,"[289.48400000000004, 307.76, 622.187]","[1.66, 1.24, 0.099]","[6.0419408962, 5.5690179464, 3.5338217767999995]","[7.0, 7.0, 3.0]","[0.3657156677023131, 0.17212566023742742, -0.5378413279397408]",0.5378413279397408
"[1, 4, 5]",3,"[289.48400000000004, 325.43100000000004, 622.187]","[1.66, 0.6, 0.099]","[6.0419408962, 5.5690179464, 3.5338217767999995]","[7.0, 7.0, 3.0]","[0.5110683078753872, 0.12573647881596495, -0.636804786691352]",0.636804786691352
"[2, 3, 4]",3,"[291.139, 307.76, 325.43100000000004]","[2.42, 1.24, 0.6]","[6.017596183399999, 5.5690179464, 5.5690179464]","[9.0, 7.0, 7.0]","[0.1926399238693986, -0.13216271213160208, -0.06047721173779641]",0.1926399238693986
"[2, 3, 5]",3,"[291.139, 307.76, 622.187]","[2.42, 1.24, 0.099]","[6.017596183399999, 5.5690179464, 3.5338217767999995]","[9.0, 7.0, 3.0]","[0.41583167749626027, 0.06229713678239257, -0.4781288142786527]",0.4781288142786527
"[2, 4, 5]",3,"[291.139, 325.43100000000004, 622.187]","[2.42, 0.6, 0.099]","[6.017596183399999, 5.5690179464, 3.5338217767999995]","[9.0, 7.0, 3.0]","[0.5156537857096357, 0.04023390854662787, -0.5558876942562637]",0.5558876942562637
"[3, 4, 5]",3,"[307.76, 325.43100000000004, 622.187]","[1.24, 0.6, 0.099]","[5.5690179464, 5.5690179464, 3.5338217767999995]","[7.0, 7.0, 3.0]","[0.3636776673718071, 0.16641767514616204, -0.5300953425179691]",0.5300953425179691
"[0, 1, 2, 3]",4,"[219.554, 289.48400000000004, 291.139, 307.76]","[0.714, 1.66, 2.42, 1.24]","[5.6450982733999995, 6.0419408962, 6.017596183399999, 5.5690179464]","[3.0, 7.0, 9.0, 7.0]","[-0.03307238367119873, 0.06687995481372894, 0.11203315438636635, -0.1458407255288965]",0.1458407255288965
"[0, 1, 2, 4]",4,"[219.554, 289.48400000000004, 291.139, 325.43100000000004]","[0.714, 1.66, 2.42, 0.6]","[5.6450982733999995, 6.0419408962, 6.017596183399999, 5.5690179464]","[3.0, 7.0, 9.0, 7.0]","[-0.049749536441722364, 0.0563349470506406, 0.08848696553235785, -0.09507237614127598]",0.09507237614127598
"[0, 1, 2, 5]",4,"[219.554, 289.48400000000004, 291.139, 622.187]","[0.714, 1.66, 2.42, 0.099]","[5.6450982733999995, 6.0419408962, 6.017596183399999, 3.5338217767999995]","[3.0, 7.0, 9.0, 3.0]","[0.013838946541936445, 0.1762827354274, 0.322437582408795, -0.5125592643781316]",0.5125592643781316
"[0, 1, 3, 4]",4,"[219.554, 289.48400000000004, 307.76, 325.43100000000004]","[0.714, 1.66, 1.24, 0.6]","[5.6450982733999995, 6.0419408962, 5.5690179464, 5.5690179464]","[3.0, 7.0, 7.0, 7.0]","[-0.0151424946133953, 0.16318003836280684, -0.10156276480096194, -0.046474778948449647]",0.16318003836280684
"[0, 1, 3, 5]",4,"[219.554, 289.48400000000004, 307.76, 622.187]","[0.714, 1.66, 1.24, 0.099]","[5.6450982733999995, 6.0419408962, 5.5690179464, 3.5338217767999995]","[3.0, 7.0, 7.0, 3.0]","[0.05511826894852903, 0.30892220534227244, 0.13273307210066065, -0.4967735463914619]",0.4967735463914619
"[0, 1, 4, 5]",4,"[219.554, 289.48400000000004, 325.43100000000004, 622.187]","[0.714, 1.66, 0.6, 0.099]","[5.6450982733999995, 6.0419408962, 5.5690179464, 3.5338217767999995]","[3.0, 7.0, 7.0, 3.0]","[0.07919986329734656, 0.4099602871600372, 0.09135014743522885, -0.5805102978926125]",0.5805102978926125
"[0, 2, 3, 4]",4,"[219.554, 291.139, 307.76, 325.43100000000004]","[0.714, 2.42, 1.24, 0.6]","[5.6450982733999995, 6.017596183399999, 5.5690179464, 5.5690179464]","[3.0, 9.0, 7.0, 7.0]","[-0.021673987976060072, 0.1844845652643211, -0.11169796491778278, -0.05111261237047847]",0.1844845652643211
"[0, 2, 3, 5]",4,"[219.554, 291.139, 307.76, 622.187]","[0.714, 2.42, 1.24, 0.099]","[5.6450982733999995, 6.017596183399999, 5.5690179464, 3.5338217767999995]","[3.0, 9.0, 7.0, 3.0]","[0.026300503106287357, 0.36930304755182697, 0.04944077993477733, -0.4450443305928916]",0.4450443305928916
"[0, 2, 4, 5]",4,"[219.554, 291.139, 325.43100000000004, 622.187]","[0.714, 2.42, 0.6, 0.099]","[5.6450982733999995, 6.017596183399999, 5.5690179464, 3.5338217767999995]","[3.0, 9.0, 7.0, 3.0]","[0.03381255987515132, 0.44696628927856197, 0.0309336304961233, -0.5117124796498366]",0.5117124796498366
"[0, 3, 4, 5]",4,"[219.554, 307.76, 325.43100000000004, 622.187]","[0.714, 1.24, 0.6, 0.099]","[5.6450982733999995, 5.5690179464, 5.5690179464, 3.5338217767999995]","[3.0, 7.0, 7.0, 3.0]","[0.10014354655291562, 0.2686101604395964, 0.12291510431212294, -0.49166881130463486]",0.49166881130463486
"[1, 2, 3, 4]",4,"[289.48400000000004, 291.139, 307.76, 325.43100000000004]","[1.66, 2.42, 1.24, 0.6]","[6.0419408962, 6.017596183399999, 5.5690179464, 5.5690179464]","[7.0, 9.0, 7.0, 7.0]","[0.07045084307369118, 0.11962354700466782, -0.13040259980868124, -0.05967179026967771]",0.13040259980868124
"[1, 2, 3, 5]",4,"[289.48400000000004, 291.139, 307.76, 622.187]","[1.66, 2.42, 1.24, 0.099]","[6.0419408962, 6.017596183399999, 5.5690179464, 3.5338217767999995]","[7.0, 9.0, 7.0, 3.0]","[0.14867118635459092, 0.2720182918842504, 0.007481088133655556, -0.42817056637249684]",0.42817056637249684
"[1, 2, 4, 5]",4,"[289.48400000000004, 291.139, 325.43100000000004, 622.187]","[1.66, 2.42, 0.6, 0.099]","[6.0419408962, 6.017596183399999, 5.5690179464, 3.5338217767999995]","[7.0, 9.0, 7.0, 3.0]","[0.1714175124124399, 0.31371994830140637, 0.004498898858103936, -0.4896363595719503]",0.4896363595719503
"[1, 3, 4, 5]",4,"[289.48400000000004, 307.76, 325.43100000000004, 622.187]","[1.66, 1.24, 0.6, 0.099]","[6.0419408962, 5.5690179464, 5.5690179464, 3.5338217767999995]","[7.0, 7.0, 7.0, 3.0]","[0.29318396562610494, 0.12486214723203648, 0.05713649783963651, -0.47518261069777806]",0.47518261069777806
"[2, 3, 4, 5]",4,"[291.139, 307.76, 325.43100000000004, 622.187]","[2.42, 1.24, 0.6, 0.099]","[6.017596183399999, 5.5690179464, 5.5690179464, 3.5338217767999995]","[9.0, 7.0, 7.0, 3.0]","[0.35693060384394515, 0.048505747838680946, 0.02219606676669153, -0.4276324184493179]",0.4276324184493179
"[0, 1, 2, 3, 4]",5,"[219.554, 289.48400000000004, 291.139, 307.76, 325.43100000000004]","[0.714, 1.66, 2.42, 1.24, 0.6]","[5.6450982733999995, 6.0419408962, 6.017596183399999, 5.5690179464, 5.5690179464]","[3.0, 7.0, 9.0, 7.0, 7.0]","[-0.024438402136811768, 0.06975170131323766, 0.1195450465479862, -0.11310285869526696, -0.0517554870291448]",0.1195450465479862
"[0, 1, 2, 3, 5]",5,"[219.554, 289.48400000000004, 291.139, 307.76, 622.187]","[0.714, 1.66, 2.42, 1.24, 0.099]","[5.6450982733999995, 6.0419408962, 6.017596183399999, 5.5690179464, 3.5338217767999995]","[3.0, 7.0, 9.0, 7.0, 3.0]","[0.010408638286796265, 0.13662128650229236, 0.24980799432656745, 0.004520984306795817, -0.4013589034224519]",0.4013589034224519
"[0, 1, 2, 4, 5]",5,"[219.554, 289.48400000000004, 291.139, 325.43100000000004, 622.187]","[0.714, 1.66, 2.42, 0.6, 0.099]","[5.6450982733999995, 6.0419408962, 6.017596183399999, 5.5690179464, 3.5338217767999995]","[3.0, 7.0, 9.0, 7.0, 3.0]","[0.012029559232037731, 0.15561286461150609, 0.2845802925025821, 0.0026652714099041908, -0.4548879877560302]",0.4548879877560302
"[0, 1, 3, 4, 5]",5,"[219.554, 289.48400000000004, 307.76, 325.43100000000004, 622.187]","[0.714, 1.66, 1.24, 0.6, 0.099]","[5.6450982733999995, 6.0419408962, 5.5690179464, 5.5690179464, 3.5338217767999995]","[3.0, 7.0, 7.0, 7.0, 3.0]","[0.04289751616978679, 0.25470481866401024, 0.09955699271936053, 0.045556944402530386, -0.4427162719556881]",0.4427162719556881
"[0, 2, 3, 4, 5]",5,"[219.554, 291.139, 307.76, 325.43100000000004, 622.187]","[0.714, 2.42, 1.24, 0.6, 0.099]","[5.6450982733999995, 6.017596183399999, 5.5690179464, 5.5690179464, 3.5338217767999995]","[3.0, 9.0, 7.0, 7.0, 3.0]","[0.02194423636866734, 0.3217682179584038, 0.03927260606257843, 0.017971012201812242, -0.40095607259146193]",0.40095607259146193
"[1, 2, 3, 4, 5]",5,"[289.48400000000004, 291.139, 307.76, 325.43100000000004, 622.187]","[1.66, 2.42, 1.24, 0.6, 0.099]","[6.0419408962, 6.017596183399999, 5.5690179464, 5.5690179464, 3.5338217767999995]","[7.0, 9.0, 7.0, 7.0, 3.0]","[0.13369926152982056, 0.2445810043620578, 0.006096815689514312, 0.00278988231577694, -0.38716696389716965]",0.38716696389716965
"[0, 1, 2, 3, 4, 5]",6,"[219.554, 289.48400000000004, 291.139, 307.76, 325.43100000000004, 622.187]","[0.714, 1.66, 2.42, 1.24, 0.6, 0.099]","[5.6450982733999995, 6.0419408962, 6.017596183399999, 5.5690179464, 5.5690179464, 3.5338217767999995]","[3.0, 7.0, 9.0, 7.0, 7.0, 3.0]","[0.009342762148422723, 0.1238662208770787, 0.22646044537006427, 0.0037338152703891847, 0.001708581286318428, -0.3651118249522734]",0.3651118249522734
