文件名,iteration,brute_force
03116_95.csv,7000,7000
03124_95.csv,7000,7000
03130_95.csv,7000,7000
03134_95.csv,7000,7000
070036_95.csv,7000,7000
070099_95.csv,7000,19500
070101_95.csv,7000,19000
070159_95.csv,7000,9500
070171_95.csv,7000,10250
07103_95.csv,7000,7000
07105_95.csv,7000,7000
07106_95.csv,7000,7000
07107_95.csv,7000,7000
07111_95.csv,7000,7000
07121_95.csv,7000,7000
07122_95.csv,7000,7000
07125_95.csv,7000,7000
07141_95.csv,9844.283078525117,7000
07145_95.csv,7000,7000
07405_95.csv,7000,7000
07407_95.csv,7000,7000
07840_95.csv,7000,7000
算法运算时间(秒),309.209592,97.170611
